位号,设备名称,设备类别,所属项目,项目编号,所属部门,安装位置,规格型号,生产厂家,供应商,出厂日期,出厂编号,投用日期,资产编号,原值,净值,是否强检,强检有效期,状态,备注,介质,密度,粘度,口径,量程,填料,泄漏等级,流量特性,压力等级,执行机构型号,连接形式,法兰标准,法兰尺寸,阀体材质,阀芯材质,阀座材质,准确度,分度值,防护等级,防爆等级,电气接口尺寸,功率,电机型号,轴承,减速机,最大流量,正常流量,最小流量,操作压力,操作温度,密封件,温度,材质,阀前压力,阀后压力,压差
00438,2个碱罐热电1个油罐,锅炉/压力容器,,,制硝车间办,,30立方,,,,,2011-11-22,00438,69200.0,3460.0,否,,在用,数量：3；原类别：其他；使用年限(月)：96,,,,,,,,,,,,,,,,,,,,,,,,,,,,,,,,,,,,
00445,搅拌装置,其他,,,制硝车间办,,4000*4000,,,,,2011-12-20,00445,44444.44,2222.22,否,,在用,原类别：泵类；使用年限(月)：120,,,,,,,,,,,,,,,,,,,,,,,,,,,,,,,,,,,,
00465,水泵ACP3-800HF,泵/风机,,,制硝车间办,,ACP3-800HF,,,,,2012-02-28,00465,73504.27,3675.21,否,,在用,原类别：泵类；使用年限(月)：96,,,,,,,,,,,,,,,,,,,,,,,,,,,,,,,,,,,,
00466,板式换热器BRO67-1,锅炉/压力容器,,,制硝车间办,,BR067-1,,,,,2012-02-28,00466,45726.5,2286.33,否,,在用,原类别：其他；使用年限(月)：120,,,,,,,,,,,,,,,,,,,,,,,,,,,,,,,,,,,,
00467,循环泵,泵/风机,,,制硝车间办,,ZWX11FMD,,,,,2012-02-28,00467,63675.21,3183.76,否,,在用,原类别：泵类；使用年限(月)：120,,,,,,,,,,,,,,,,,,,,,,,,,,,,,,,,,,,,
00468,水泵,泵/风机,,,制硝车间办,,200-315,,,,,2012-02-28,00468,11282.05,564.1,否,,在用,原类别：泵类；使用年限(月)：96,,,,,,,,,,,,,,,,,,,,,,,,,,,,,,,,,,,,
00469,污水泵,泵/风机,,,制硝车间办,,WQN40,,,,,2012-02-28,00469,6837.61,341.88,否,,在用,原类别：泵类；使用年限(月)：96,,,,,,,,,,,,,,,,,,,,,,,,,,,,,,,,,,,,
00470,流量计,仪表,,,制硝车间办,1效母液排放管道；1系统蒸发,AXW40,重庆横河川仪有限公司,,,,2012-02-28,00470,23162.39,1158.12,否,,在用,原类别：其他；使用年限(月)：96,,,,,,,,,,,,,,,,,,,,,,,,,,,,,,,,,,,,
00472,减速机8台,其他,,,制硝车间办,,减速机8台,,,,,2012-04-24,00472,41179.48,2058.97,否,,在用,数量：8台；原类别：机电类；使用年限(月)：120,,,,,,,,,,,,,,,,,,,,,,,,,,,,,,,,,,,,
00473,焊机,其他,,,制硝车间办,,焊机,,,,,2012-04-24,00473,3606.84,180.34,否,,在用,数量：1台；原类别：机电类；使用年限(月)：120,,,,,,,,,,,,,,,,,,,,,,,,,,,,,,,,,,,,
00477,给料机,其他,,,制硝车间办,,,,,,,2012-05-28,00477,7350.43,367.52,否,,在用,数量：1台；原类别：机电类；使用年限(月)：120,,,,,,,,,,,,,,,,,,,,,,,,,,,,,,,,,,,,
00479,电机启动器,电机,,,制硝车间办,,,,,,,2012-05-28,00479,26666.67,1333.33,否,,在用,数量：1套；原类别：机电类；使用年限(月)：120,,,,,,,,,,,,,,,,,,,,,,,,,,,,,,,,,,,,
00480,2台真空开关,其他,,,制硝车间办,,,,,,,2012-05-28,00480,9950.43,497.52,否,,在用,数量：2台；原类别：机电类；使用年限(月)：96,,,,,,,,,,,,,,,,,,,,,,,,,,,,,,,,,,,,
00481,电机启动柜,电机,,,制硝车间办,,,,,,,2012-05-28,00481,16153.85,807.69,否,,在用,原类别：机电类；使用年限(月)：96,,,,,,,,,,,,,,,,,,,,,,,,,,,,,,,,,,,,
00482,真空开关,其他,,,制硝车间办,,,,,,,2012-05-28,00482,2098.29,0.0,否,,在用,数量：1台；原类别：电子设备；使用年限(月)：96,,,,,,,,,,,,,,,,,,,,,,,,,,,,,,,,,,,,
00484,电机,电机,,,制硝车间办,,Y2-315M,,,,,2012-05-30,00484,22780.34,1139.02,否,,在用,原类别：机电类；使用年限(月)：96,,,,,,,,,,,,,,,,,,,,,,,,,,,,,,,,,,,,
00485,电机,电机,,,制硝车间办,,Y2-355L,,,,,2012-05-30,00485,48461.54,2423.08,否,,在用,原类别：机电类；使用年限(月)：96,,,,,,,,,,,,,,,,,,,,,,,,,,,,,,,,,,,,
00486,电机,电机,,,制硝车间办,,Y2-355M,,,,,2012-05-30,00486,41505.98,2075.3,否,,在用,原类别：机电类；使用年限(月)：96,,,,,,,,,,,,,,,,,,,,,,,,,,,,,,,,,,,,
00487,电机,电机,,,制硝车间办,,355L-4,,,,,2012-05-30,00487,44871.79,2243.59,否,,在用,原类别：机电类；使用年限(月)：96,,,,,,,,,,,,,,,,,,,,,,,,,,,,,,,,,,,,
00488,电机,电机,,,制硝车间办,,Y2-132,,,,,2012-05-30,00488,1508.55,75.43,否,,在用,原类别：机电类；使用年限(月)：96,,,,,,,,,,,,,,,,,,,,,,,,,,,,,,,,,,,,
00489,电机,电机,,,制硝车间办,,Y2-160,,,,,2012-05-30,00489,2927.35,146.37,否,,在用,原类别：机电类；使用年限(月)：96,,,,,,,,,,,,,,,,,,,,,,,,,,,,,,,,,,,,
00490,电机,电机,,,制硝车间办,,Y2-200,,,,,2012-05-30,00490,5095.73,254.79,否,,在用,原类别：机电类；使用年限(月)：96,,,,,,,,,,,,,,,,,,,,,,,,,,,,,,,,,,,,
00491,电机,电机,,,制硝车间办,,Y2-200-4,,,,,2012-05-30,00491,10235.9,511.8,否,,在用,原类别：机电类；使用年限(月)：96,,,,,,,,,,,,,,,,,,,,,,,,,,,,,,,,,,,,
00492,电机,电机,,,制硝车间办,,Y2-50M-4,,,,,2012-05-30,00492,8756.41,437.82,否,,在用,原类别：机电类；使用年限(月)：96,,,,,,,,,,,,,,,,,,,,,,,,,,,,,,,,,,,,
00493,电机,电机,,,制硝车间办,,Y2-280-4,,,,,2012-05-30,00493,13952.14,697.61,否,,在用,原类别：机电类；使用年限(月)：96,,,,,,,,,,,,,,,,,,,,,,,,,,,,,,,,,,,,
00500,罗茨风机,泵/风机,,,制硝车间办,,2G-250,,,,,2012-08-23,00500,102564.1,5128.21,否,,在用,原类别：机电类；使用年限(月)：96,,,,,,,,,,,,,,,,,,,,,,,,,,,,,,,,,,,,
00501,水泵,泵/风机,,,制硝车间办,,IJ150-125-40,,,,,2012-08-29,00501,35837.61,1791.88,否,,在用,原类别：泵类；使用年限(月)：96,,,,,,,,,,,,,,,,,,,,,,,,,,,,,,,,,,,,
00502,水泵,泵/风机,,,制硝车间办,,IJ150-125-40,,,,,2012-08-29,00502,20024.79,1001.24,否,,在用,原类别：泵类；使用年限(月)：96,,,,,,,,,,,,,,,,,,,,,,,,,,,,,,,,,,,,
00516,振动喂料机,其他,,,制硝车间办,,,,,,,2012-11-27,00516,38034.19,1901.71,否,,在用,原类别：其他；使用年限(月)：96,,,,,,,,,,,,,,,,,,,,,,,,,,,,,,,,,,,,
00517,纯碱液配制桶1--2,锅炉/压力容器,,,制硝车间办,,4000*4000,,,,,2012-12-24,00517,127692.31,6384.62,否,,在用,原类别：蒸发系统；使用年限(月)：96,,,,,,,,,,,,,,,,,,,,,,,,,,,,,,,,,,,,
00518,干硝桶,锅炉/压力容器,,,制硝车间办,,4000*4000+4000/219-H,,,,,2012-12-24,00518,503247.86,25162.39,否,,在用,原类别：蒸发系统；使用年限(月)：96,,,,,,,,,,,,,,,,,,,,,,,,,,,,,,,,,,,,
00368,不锈钢桶,锅炉/压力容器,,,制硝车间办,,304700*2100,,,,,2012-12-24,00368,47008.55,2350.43,否,,在用,原类别：锅炉类；使用年限(月)：96,,,,,,,,,,,,,,,,,,,,,,,,,,,,,,,,,,,,
00369,除尘水桶,锅炉/压力容器,,,制硝车间办,,Q235B1200*1000,,,,,2012-12-24,00369,15384.62,769.23,否,,在用,原类别：锅炉类；使用年限(月)：96,,,,,,,,,,,,,,,,,,,,,,,,,,,,,,,,,,,,
00372,混合凝器,锅炉/压力容器,,,制硝车间办,,2100,,,,,2012-12-24,00372,70940.17,3547.01,否,,在用,原类别：锅炉类；使用年限(月)：96,,,,,,,,,,,,,,,,,,,,,,,,,,,,,,,,,,,,
00374,冷凝水桶7个,锅炉/压力容器,,,制硝车间办,,1500*2500,,,,,2012-12-24,00374,115376.07,5768.8,否,,在用,数量：7个；原类别：锅炉类；使用年限(月)：96,,,,,,,,,,,,,,,,,,,,,,,,,,,,,,,,,,,,
00375,冷却水桶,锅炉/压力容器,,,制硝车间办,,14000*9000,,,,,2012-12-24,00375,496666.67,24833.33,否,,在用,原类别：锅炉类；使用年限(月)：96,,,,,,,,,,,,,,,,,,,,,,,,,,,,,,,,,,,,
00377,湿式除尘器/水封槽/取样槽/三通管,锅炉/压力容器,,,制硝车间办,,,,,,,2012-12-24,00377,127276.07,6363.8,否,,在用,原类别：锅炉类；使用年限(月)：96,,,,,,,,,,,,,,,,,,,,,,,,,,,,,,,,,,,,
00378,无阀过滤器返洗水桶/洗澡桶,阀门,,,制硝车间办,,,,,,,2012-12-24,00378,51104.27,2555.21,否,,在用,原类别：锅炉类；使用年限(月)：96,,,,,,,,,,,,,,,,,,,,,,,,,,,,,,,,,,,,
00379,絮凝剂配制桶,锅炉/压力容器,,,制硝车间办,,,,,,,2012-12-24,00379,35098.29,1754.91,否,,在用,原类别：锅炉类；使用年限(月)：96,,,,,,,,,,,,,,,,,,,,,,,,,,,,,,,,,,,,
00380,旋流式除沫器,其他,,,制硝车间办,,,,,,,2012-12-24,00380,53846.15,2692.31,否,,在用,原类别：锅炉类；使用年限(月)：96,,,,,,,,,,,,,,,,,,,,,,,,,,,,,,,,,,,,
00381,除沫器,其他,,,制硝车间办,,,,,,,2012-12-25,00381,143589.8,7179.49,否,,在用,原类别：锅炉类；使用年限(月)：96,,,,,,,,,,,,,,,,,,,,,,,,,,,,,,,,,,,,
020300001,冷凝水罐管,锅炉/压力容器,,,制硝车间办,,1500*2500,,,,,2018-11-21,020300001,58620.69,16015.03,否,,在用,原类别：锅炉类；使用年限(月)：60,,,,,,,,,,,,,,,,,,,,,,,,,,,,,,,,,,,,
00519,精硝水储桶,锅炉/压力容器,,,制硝车间办,,5000*4000,,,,,2012-12-24,00519,1188241.27,59412.06,否,,在用,原类别：蒸发系统；使用年限(月)：96,,,,,,,,,,,,,,,,,,,,,,,,,,,,,,,,,,,,
00521,母液桶,锅炉/压力容器,,,制硝车间办,,4个,,,,,2012-12-24,00521,1672660.86,83633.04,否,,在用,数量：4个；原类别：蒸发系统；使用年限(月)：96,,,,,,,,,,,,,,,,,,,,,,,,,,,,,,,,,,,,
00522,浓盐酸桶,锅炉/压力容器,,,制硝车间办,,,,,,,2012-12-24,00522,54418.8,2720.94,否,,在用,原类别：蒸发系统；使用年限(月)：96,,,,,,,,,,,,,,,,,,,,,,,,,,,,,,,,,,,,
00523,泥浆桶,锅炉/压力容器,,,制硝车间办,,,,,,,2012-12-24,00523,159914.53,7995.73,否,,在用,原类别：蒸发系统；使用年限(月)：96,,,,,,,,,,,,,,,,,,,,,,,,,,,,,,,,,,,,
00524,酸洗桶/弯头,锅炉/压力容器,,,制硝车间办,,,,,,,2012-12-24,00524,82846.15,4142.31,否,,在用,原类别：蒸发系统；使用年限(月)：96,,,,,,,,,,,,,,,,,,,,,,,,,,,,,,,,,,,,
00525,硝滤液桶2个,锅炉/压力容器,,,制硝车间办,,2个,,,,,2012-12-24,00525,279410.26,13970.51,否,,在用,数量：2个；原类别：蒸发系统；使用年限(月)：96,,,,,,,,,,,,,,,,,,,,,,,,,,,,,,,,,,,,
00526,小干硝桶/循环水槽/盐搅拌器/液碱桶,锅炉/压力容器,,,制硝车间办,,4个,,,,,2012-12-24,00526,88286.32,4414.32,否,,在用,数量：4个；原类别：蒸发系统；使用年限(月)：96,,,,,,,,,,,,,,,,,,,,,,,,,,,,,,,,,,,,
00527,硝水净化桶,锅炉/压力容器,,,制硝车间办,,,,,,,2012-12-24,00527,784891.44,39244.57,否,,在用,原类别：蒸发系统；使用年限(月)：96,,,,,,,,,,,,,,,,,,,,,,,,,,,,,,,,,,,,
00536,制硝输送机,其他,,,制硝车间办,,,,,,,2013-02-20,00536,64957.27,0.0,否,,在用,数量：1台；原类别：电子设备；使用年限(月)：96,,,,,,,,,,,,,,,,,,,,,,,,,,,,,,,,,,,,
00537,水泵,泵/风机,,,制硝车间办,,,,,,,2013-02-26,00537,54087.18,2704.36,否,,在用,原类别：泵类；使用年限(月)：96,,,,,,,,,,,,,,,,,,,,,,,,,,,,,,,,,,,,
00538,电机,电机,,,制硝车间办,,,,,,,2013-02-26,00538,2756.41,137.82,否,,在用,原类别：机电类；使用年限(月)：96,,,,,,,,,,,,,,,,,,,,,,,,,,,,,,,,,,,,
00539,电机,电机,,,制硝车间办,,,,,,,2013-02-26,00539,13952.14,697.61,否,,在用,原类别：机电类；使用年限(月)：96,,,,,,,,,,,,,,,,,,,,,,,,,,,,,,,,,,,,
00540,购入板式换热器,锅炉/压力容器,,,制硝车间办,,,,,,,2013-02-26,00540,35042.74,1752.14,否,,在用,原类别：机电类；使用年限(月)：96,,,,,,,,,,,,,,,,,,,,,,,,,,,,,,,,,,,,
00541,游动天轮,其他,,,制硝车间办,,,,,,,2013-02-27,00541,12820.51,641.03,否,,在用,原类别：其他；使用年限(月)：96,,,,,,,,,,,,,,,,,,,,,,,,,,,,,,,,,,,,
00543,压力介质输送器,其他,,,制硝车间办,,P--60,,,,,2013-04-29,00543,72222.22,7672.14,否,,在用,原类别：机电类；使用年限(月)：120,,,,,,,,,,,,,,,,,,,,,,,,,,,,,,,,,,,,
00545,闪发桶,锅炉/压力容器,,,制硝车间办,,,,,,,2013-05-22,00545,100588.0,11481.99,否,,在用,原类别：其他；使用年限(月)：120,,,,,,,,,,,,,,,,,,,,,,,,,,,,,,,,,,,,
00546,5台循环泵,泵/风机,,,制硝车间办,,,,,,,2013-05-22,00546,717948.7,35897.44,否,,在用,数量：5台；原类别：泵类；使用年限(月)：96,,,,,,,,,,,,,,,,,,,,,,,,,,,,,,,,,,,,
00547,2台喷码机,其他,,,制硝车间办,,,,,,,2013-05-22,00547,143589.74,7179.49,否,,在用,原类别：其他；使用年限(月)：96,,,,,,,,,,,,,,,,,,,,,,,,,,,,,,,,,,,,
00552,硝浆泵,泵/风机,,,制硝车间办,,硝浆泵,,,,,2013-07-27,00552,18700.85,935.04,否,,在用,原类别：泵类；使用年限(月)：96,,,,,,,,,,,,,,,,,,,,,,,,,,,,,,,,,,,,
00566,二系统制硝技改工程,其他,,,制硝车间办,,制硝二系统一至五效,,,,,2013-12-25,00566,3768692.24,188434.61,否,,在用,原类别：蒸发系统；使用年限(月)：96,,,,,,,,,,,,,,,,,,,,,,,,,,,,,,,,,,,,
00567,单台4风机无填料冷却塔,泵/风机,,,制硝车间办,,4000M3/H,,,,,2013-12-30,00567,459829.05,77971.84,否,,在用,原类别：蒸发系统；使用年限(月)：120,,,,,,,,,,,,,,,,,,,,,,,,,,,,,,,,,,,,
00569,电机,电机,,,制硝车间办,,Y3-250M,,,,,2014-02-24,00569,8756.41,437.82,否,,在用,原类别：机电类；使用年限(月)：96,,,,,,,,,,,,,,,,,,,,,,,,,,,,,,,,,,,,
00570,电机,电机,,,制硝车间办,,Y2-315L,,,,,2014-02-24,00570,26683.76,1334.19,否,,在用,原类别：机电类；使用年限(月)：96,,,,,,,,,,,,,,,,,,,,,,,,,,,,,,,,,,,,
00571,电机,电机,,,制硝车间办,,Y2-280,,,,,2014-02-26,00571,13952.14,697.61,否,,在用,原类别：机电类；使用年限(月)：96,,,,,,,,,,,,,,,,,,,,,,,,,,,,,,,,,,,,
00572,电机,电机,,,制硝车间办,,Y2-315S,,,,,2014-02-26,00572,20339.32,1016.97,否,,在用,原类别：机电类；使用年限(月)：96,,,,,,,,,,,,,,,,,,,,,,,,,,,,,,,,,,,,
00573,电机,电机,,,制硝车间办,,Y4002,,,,,2014-02-26,00573,81435.9,4071.8,否,,在用,原类别：机电类；使用年限(月)：96,,,,,,,,,,,,,,,,,,,,,,,,,,,,,,,,,,,,
00576,真空泵,泵/风机,,,制硝车间办,,,,,,,2014-05-21,00576,4529.91,226.5,否,,在用,原类别：泵类；使用年限(月)：96,,,,,,,,,,,,,,,,,,,,,,,,,,,,,,,,,,,,
00577,焊机,其他,,,制硝车间办,,,,,,,2014-05-21,00577,3606.84,180.34,否,,在用,原类别：其他；使用年限(月)：96,,,,,,,,,,,,,,,,,,,,,,,,,,,,,,,,,,,,
00578,板式换热器,锅炉/压力容器,,,制硝车间办,,PSX202--40,,,,,2014-06-21,00578,23076.92,1153.85,否,,在用,原类别：蒸发系统；使用年限(月)：60,,,,,,,,,,,,,,,,,,,,,,,,,,,,,,,,,,,,
00579,板式换热器,锅炉/压力容器,,,制硝车间办,,PS151-50,,,,,2014-06-27,00579,66666.67,3333.33,否,,在用,原类别：蒸发系统；使用年限(月)：60,,,,,,,,,,,,,,,,,,,,,,,,,,,,,,,,,,,,
00581,电磁阀,阀门,,,制硝车间办,除盐水箱排污管；1系统蒸发,DN125,上海法拉自控阀门有限公司,,,,2014-08-25,00581,17094.02,3981.22,否,,在用,原类别：其他；使用年限(月)：120,,,,,,,,,,,,,,,,,,,,,,,,,,,,,,,,,,,,
00583,铜管铜(铝)片散热器(3台),其他,,,制硝车间办,,S2-24-54,,,,,2014-09-18,00583,26239.31,1311.97,否,,在用,数量：3台；原类别：蒸发系统；使用年限(月)：60,,,,,,,,,,,,,,,,,,,,,,,,,,,,,,,,,,,,
00585,打包机,其他,,,制硝车间办,,KS--1100,,,,,2015-04-27,00585,23931.62,7089.28,否,,在用,原类别：其他；使用年限(月)：120,,,,,,,,,,,,,,,,,,,,,,,,,,,,,,,,,,,,
00586,电机,电机,,,制硝车间办,,Y200L-2/37KW,,,,,2015-05-21,00586,7085.47,354.27,否,,在用,原类别：机电类；使用年限(月)：60,,,,,,,,,,,,,,,,,,,,,,,,,,,,,,,,,,,,
00587,泵类,泵/风机,,,制硝车间办,,泵,,,,,2015-05-28,00587,12454.7,622.74,否,,在用,原类别：泵类；使用年限(月)：60,,,,,,,,,,,,,,,,,,,,,,,,,,,,,,,,,,,,
00588,电机,电机,,,制硝车间办,,,,,,,2015-05-28,00588,6115.38,305.77,否,,在用,原类别：机电类；使用年限(月)：60,,,,,,,,,,,,,,,,,,,,,,,,,,,,,,,,,,,,
00591,双螺杆喂料机一套,其他,,,制硝车间办,,WS30型,,,,,2015-08-25,00591,6017.09,1972.59,否,,在用,数量：1套；原类别：机电类；使用年限(月)：120,,,,,,,,,,,,,,,,,,,,,,,,,,,,,,,,,,,,
00592,自动定量包装机,其他,,,制硝车间办,,UFB-2BP,,,,,2015-08-25,00592,88888.88,29146.9,否,,在用,原类别：其他；使用年限(月)：120,,,,,,,,,,,,,,,,,,,,,,,,,,,,,,,,,,,,
00594,空气斜槽,其他,,,制硝车间办,,B500非标,,,,,2015-08-26,00594,17094.02,5605.18,否,,在用,原类别：其他；使用年限(月)：120,,,,,,,,,,,,,,,,,,,,,,,,,,,,,,,,,,,,
00595,罗茨鼓风机,泵/风机,,,制硝车间办,,LFSF-125,,,,,2015-08-26,00595,11965.81,598.29,否,,在用,原类别：机电类；使用年限(月)：60,,,,,,,,,,,,,,,,,,,,,,,,,,,,,,,,,,,,
00596,手动细灰闸门一套,其他,,,制硝车间办,,300X300,,,,,2015-08-26,00596,39316.23,1965.81,否,,在用,数量：1套；原类别：其他；使用年限(月)：60,,,,,,,,,,,,,,,,,,,,,,,,,,,,,,,,,,,,
00597,真空泵,泵/风机,,,制硝车间办,,ZJP600,,,,,2015-08-31,00597,15982.9,799.15,否,,在用,原类别：泵类；使用年限(月)：60,,,,,,,,,,,,,,,,,,,,,,,,,,,,,,,,,,,,
00599,蒸发系统,锅炉/压力容器,,,制硝车间办,,szl(A),,,,,2015-10-30,00599,15213.68,5229.41,否,,在用,原类别：蒸发系统；使用年限(月)：120,,,,,,,,,,,,,,,,,,,,,,,,,,,,,,,,,,,,
00600,罗茨真空泵,泵/风机,,,制硝车间办,,ZJP-1200B,,,,,2015-11-27,00600,25811.97,9077.16,否,,在用,原类别：泵类；使用年限(月)：120,,,,,,,,,,,,,,,,,,,,,,,,,,,,,,,,,,,,
00601,泵类,泵/风机,,,制硝车间办,,2BE1,,,,,2015-12-23,00601,39743.6,1987.18,否,,在用,原类别：泵类；使用年限(月)：60,,,,,,,,,,,,,,,,,,,,,,,,,,,,,,,,,,,,
00602,钢管铝片散热器,其他,,,制硝车间办,,SZL(A)20X10D/2,,,,,2015-12-25,00602,15213.68,3015.7,否,,在用,原类别：其他；使用年限(月)：96,,,,,,,,,,,,,,,,,,,,,,,,,,,,,,,,,,,,
00603,泵,泵/风机,,,制硝车间办,,IJ80-50-315,,,,,2018-08-29,00603,19534.48,976.72,否,,在用,原类别：泵类；使用年限(月)：36,,,,,,,,,,,,,,,,,,,,,,,,,,,,,,,,,,,,
00606,同期及后台控制系统及电缆,仪表,,,制硝车间办,,11年8转61-65号同期及后台控制系统,,,,,2016-02-29,00606,1507087.19,565760.38,否,,在用,原类别：蒸发系统；使用年限(月)：120,,,,,,,,,,,,,,,,,,,,,,,,,,,,,,,,,,,,
00615,电机,电机,,,制硝车间办,,1立方,,,,,2018-08-29,00615,11896.55,594.83,否,,在用,原类别：机电类；使用年限(月)：36,,,,,,,,,,,,,,,,,,,,,,,,,,,,,,,,,,,,
00616,双螺杆混炼挤出造粒机组,其他,,,制硝车间办,,TSB-85,,,,,2016-06-30,00616,777777.78,0.0,否,,在用,原类别：其他；使用年限(月)：36,,,,,,,,,,,,,,,,,,,,,,,,,,,,,,,,,,,,
00617,双螺杆喂料机,其他,,,制硝车间办,,WS30型,,,,,2016-06-30,00617,6068.37,2470.27,否,,在用,原类别：机电类；使用年限(月)：120,,,,,,,,,,,,,,,,,,,,,,,,,,,,,,,,,,,,
00618,电机,电机,,,制硝车间办,,YQ200L2-2/37KW,,,,,2018-08-29,00618,5603.45,280.17,否,,在用,原类别：机电类；使用年限(月)：36,,,,,,,,,,,,,,,,,,,,,,,,,,,,,,,,,,,,
00620,包装机融资,其他,,,制硝车间办,,DCS,,,,,2016-09-26,00620,654708.85,0.0,否,,在用,原类别：机电类；使用年限(月)：36,,,,,,,,,,,,,,,,,,,,,,,,,,,,,,,,,,,,
00621,双螺杆挤出机组改造,其他,,,制硝车间办,,TSB-85,,,,,2016-10-26,00621,17094.02,7499.8,否,,在用,原类别：其他；使用年限(月)：120,,,,,,,,,,,,,,,,,,,,,,,,,,,,,,,,,,,,
00622,罗茨真空泵泵头,泵/风机,,,制硝车间办,,ZJP1200,,,,,2016-11-29,00622,23931.63,10689.03,否,,在用,原类别：泵类；使用年限(月)：120,,,,,,,,,,,,,,,,,,,,,,,,,,,,,,,,,,,,
00623,罗茨真空泵泵头,泵/风机,,,制硝车间办,,ZJP-600,,,,,2016-12-21,00623,18632.48,8469.48,否,,在用,原类别：泵类；使用年限(月)：120,,,,,,,,,,,,,,,,,,,,,,,,,,,,,,,,,,,,
00624,罗茨真空泵维修,泵/风机,,,制硝车间办,,ZJP-600,,,,,2017-02-28,00624,1025.64,482.58,否,,在用,原类别：泵类；使用年限(月)：120,,,,,,,,,,,,,,,,,,,,,,,,,,,,,,,,,,,,
00625,电机,电机,,,制硝车间办,,AU15L2-1S6E,,,,,2017-02-28,00625,45982.91,21630.63,否,,在用,原类别：机电类；使用年限(月)：120,,,,,,,,,,,,,,,,,,,,,,,,,,,,,,,,,,,,
00626,等离子切割机,其他,,,制硝车间办,,LGK-100,,,,,2018-08-29,00626,7732.76,386.64,否,,在用,原类别：机电类；使用年限(月)：36,,,,,,,,,,,,,,,,,,,,,,,,,,,,,,,,,,,,
00629,罗茨真空泵,泵/风机,,,制硝车间办,,ZJP-600,,,,,2017-07-31,00629,18632.48,931.62,否,,在用,原类别：泵类；使用年限(月)：60,,,,,,,,,,,,,,,,,,,,,,,,,,,,,,,,,,,,
00631,罗茨真空泵,泵/风机,,,制硝车间办,,ZJP-1200,,,,,2017-09-30,00631,57777.76,2983.24,否,,在用,原类别：泵类；使用年限(月)：60,,,,,,,,,,,,,,,,,,,,,,,,,,,,,,,,,,,,
00633,罗茨真空泵泵头,泵/风机,,,制硝车间办,,ZJP-1200,,,,,2017-12-28,00633,25042.73,1252.14,否,,在用,原类别：泵类；使用年限(月)：36,,,,,,,,,,,,,,,,,,,,,,,,,,,,,,,,,,,,
00634,罗茨真空泵泵头,泵/风机,,,制硝车间办,,ZJP-600,,,,,2017-12-28,00634,38974.36,1948.72,否,,在用,原类别：泵类；使用年限(月)：36,,,,,,,,,,,,,,,,,,,,,,,,,,,,,,,,,,,,
00636,罗茨真空泵,泵/风机,,,制硝车间办,,ZJP-1200B  ZJP-600B,,,,,2018-05-28,00636,50000.0,8914.99,否,,在用,原类别：泵类；使用年限(月)：60,,,,,,,,,,,,,,,,,,,,,,,,,,,,,,,,,,,,
00637,小型实验吹膜机,其他,,,制硝车间办,,JYC-28,,,,,2018-05-31,00637,23534.48,4196.43,否,,在用,原类别：其他；使用年限(月)：60,,,,,,,,,,,,,,,,,,,,,,,,,,,,,,,,,,,,
00638,水环真空泵泵头,泵/风机,,,制硝车间办,,2BE1 252N,,,,,2018-06-27,00638,48275.85,9371.87,否,,在用,原类别：泵类；使用年限(月)：60,,,,,,,,,,,,,,,,,,,,,,,,,,,,,,,,,,,,
00640,美的空调,其他,,,制硝车间办,,美的KFR32GW/DY-DA400(D3),,,,,2018-07-30,00640,7798.0,1637.24,否,,在用,原类别：其他；使用年限(月)：60,,,,,,,,,,,,,,,,,,,,,,,,,,,,,,,,,,,,
00641,液压升降平台,其他,,,制硝车间办,,T,,,,,2018-08-29,00641,23189.66,1159.48,否,,在用,原类别：机电类；使用年限(月)：36,,,,,,,,,,,,,,,,,,,,,,,,,,,,,,,,,,,,
01470,水泵,泵/风机,,,制硝车间办,,D360-60*3,,,,,2018-08-28,01470,85086.21,4254.31,否,,在用,原类别：泵类；使用年限(月)：36,,,,,,,,,,,,,,,,,,,,,,,,,,,,,,,,,,,,
01497,水环真空泵泵头,泵/风机,,,制硝车间办,,2BE1 252N,,,,,2018-08-28,01497,48275.85,2413.79,否,,在用,原类别：泵类；使用年限(月)：36,,,,,,,,,,,,,,,,,,,,,,,,,,,,,,,,,,,,
020200017,减速机,其他,,,制硝车间办,,XLD7-29-4/7.5,,,,,2019-06-30,020200017,16725.66,3505.52,否,,在用,数量：1台；原类别：机电类；使用年限(月)：60,,,,,,,,,,,,,,,,,,,,,,,,,,,,,,,,,,,,
020200030,电机,电机,,,制硝车间办,,YE2 200L2-2/37KW,,,,,2019-07-29,020200030,9734.51,486.73,否,,在用,原类别：机电类；使用年限(月)：36,,,,,,,,,,,,,,,,,,,,,,,,,,,,,,,,,,,,
020200031,电机,电机,,,制硝车间办,,YE2 180M-4/18.5KW,,,,,2019-07-29,020200031,3168.14,158.41,否,,在用,原类别：机电类；使用年限(月)：36,,,,,,,,,,,,,,,,,,,,,,,,,,,,,,,,,,,,
020200032,电机,电机,,,制硝车间办,,YE2-225M-6/30KW,,,,,2019-07-29,020200032,5017.7,250.89,否,,在用,数量：1台；原类别：机电类；使用年限(月)：36,,,,,,,,,,,,,,,,,,,,,,,,,,,,,,,,,,,,
020200053,压缩机水冷空调换热器,泵/风机,,,制硝车间办,,5AM-110KW/316L  不锈钢,,,,,2022-04-18,020200053,84070.8,80750.0,否,,在用,数量：7套；原类别：机电类；使用年限(月)：120,,,,,,,,,,,,,,,,,,,,,,,,,,,,,,,,,,,,
020200054,真空转鼓过滤机,其他,,,制硝车间办,,G20/2.42-N,,,,,2022-05-30,020200054,263716.8,255383.36,否,,在用,数量：1台；原类别：机电类；使用年限(月)：120,,,,,,,,,,,,,,,,,,,,,,,,,,,,,,,,,,,,
020500015,一系统预热桶制作,锅炉/压力容器,,,制硝车间办,,,,,,,2022-06-20,020500015,341284.41,332786.43,否,,在用,原类别：蒸发系统；使用年限(月)：120,,,,,,,,,,,,,,,,,,,,,,,,,,,,,,,,,,,,
020200001,试压泵,泵/风机,,,制硝车间办,,3DY750.5/31.5,,,,,2018-10-23,020200001,16508.62,825.43,否,,在用,原类别：机电类；使用年限(月)：36,,,,,,,,,,,,,,,,,,,,,,,,,,,,,,,,,,,,
020200002,快进泵,泵/风机,,,制硝车间办,,IJ250-200-450,,,,,2018-10-23,020200002,76637.93,3831.9,否,,在用,原类别：机电类；使用年限(月)：36,,,,,,,,,,,,,,,,,,,,,,,,,,,,,,,,,,,,
020200008,电机,电机,,,制硝车间办,,机电YKK400-6 380V IP55 RT 355KW,,,,,2018-11-28,020200008,102413.8,5120.69,否,,在用,原类别：机电类；使用年限(月)：36,,,,,,,,,,,,,,,,,,,,,,,,,,,,,,,,,,,,
020400005,电动加紧器,其他,,,制硝车间办,,DBSSDD-44,,,,,2019-02-28,020400005,21810.34,1090.52,否,,在用,数量：1台；原类别：其他；使用年限(月)：36,,,,,,,,,,,,,,,,,,,,,,,,,,,,,,,,,,,,
020200009,电动机,电机,,,制硝车间办,,YQ315L 4  185KW,,,,,2018-11-28,020200009,27413.79,1370.69,否,,在用,原类别：机电类；使用年限(月)：36,,,,,,,,,,,,,,,,,,,,,,,,,,,,,,,,,,,,
020500001,蒸汽换热器,锅炉/压力容器,,,制硝车间办,,CL2-4R-20-1750,,,,,2018-10-24,020500001,52172.41,13429.37,否,,在用,原类别：蒸发系统；使用年限(月)：60,,,,,,,,,,,,,,,,,,,,,,,,,,,,,,,,,,,,
020200005,电机,电机,,,制硝车间办,,YQ-355M-4/250KW,,,,,2018-10-24,020200005,37758.62,1887.93,否,,在用,原类别：机电类；使用年限(月)：36,,,,,,,,,,,,,,,,,,,,,,,,,,,,,,,,,,,,
00010,联想电脑,其他,,,制硝车间办,制硝车间办公室；制硝车间办公室,HP\联想,中国HP\联想有限公司,,,,2012-06-25,00010,9900.0,0.0,否,,在用,数量：3台；原类别：电子设备；使用年限(月)：96,,,,,,,,,,,,,,,,,,,,,,,,,,,,,,,,,,,,
020100002,离心泵,泵/风机,,,制硝车间办,,D25*50*7,,,,,2018-10-24,020100002,16034.48,801.72,否,,在用,原类别：泵类；使用年限(月)：36,,,,,,,,,,,,,,,,,,,,,,,,,,,,,,,,,,,,
020200013,减速机,其他,,,制硝车间办,,bld5-11kw,,,,,2019-04-28,020200013,34159.29,1707.96,否,,在用,原类别：机电类；使用年限(月)：36,,,,,,,,,,,,,,,,,,,,,,,,,,,,,,,,,,,,
020400030,电动高温型球阀,阀门,,,制硝车间办,硝水主管道；2系统蒸发,电动高温型球阀,浙江康赛特阀门有限公司,,,,2019-12-26,020400030,25575.22,3293.95,否,,在用,数量：1套；原类别：其他；使用年限(月)：36,,,,,,,,,,,,,,,,,,,,,,,,,,,,,,,,,,,,
0400006,空调,其他,,,制硝车间办,,KFR-35GW/DY,,,,,2019-05-28,0400006,2699.0,0.0,否,,在用,数量：1台；原类别：电子设备；使用年限(月)：60,,,,,,,,,,,,,,,,,,,,,,,,,,,,,,,,,,,,
020200010,电机,电机,,,制硝车间办,,Y2-225M-2  45KW,,,,,2018-11-28,020200010,5818.97,290.95,否,,在用,数量：1台；原类别：机电类；使用年限(月)：36,,,,,,,,,,,,,,,,,,,,,,,,,,,,,,,,,,,,
020400002,离心机一级转鼓,其他,,,制硝车间办,,离心机一级转鼓P-60,,,,,2018-11-28,020400002,151206.9,7560.35,否,,在用,数量：配件一套；原类别：其他；使用年限(月)：36,,,,,,,,,,,,,,,,,,,,,,,,,,,,,,,,,,,,
020400006,软启动器,其他,,,制硝车间办,,TCR2500,,,,,2019-03-31,020400006,23275.86,7829.94,否,,在用,数量：1套；原类别：其他；使用年限(月)：60,,,,,,,,,,,,,,,,,,,,,,,,,,,,,,,,,,,,
020400004,真空过虑机,其他,,,制硝车间办,,g10/1.85,,,,,2019-01-29,020400004,168965.52,8448.28,否,,在用,数量：1套；原类别：其他；使用年限(月)：36,,,,,,,,,,,,,,,,,,,,,,,,,,,,,,,,,,,,
020100005,泵类,泵/风机,,,制硝车间办,,XZH125-NO,,,,,2019-01-22,020100005,27155.17,1357.76,否,,在用,数量：1台；原类别：泵类；使用年限(月)：36,,,,,,,,,,,,,,,,,,,,,,,,,,,,,,,,,,,,
020400049,称重传感器PMSS15PM一台,仪表,,,制硝车间办,沉降桶底部；1系统蒸发,PM  SS 15 PM,梅特勒托利多常州称重设备系统有限公司,,,,2022-07-31,020400049,12389.38,12193.62,否,,在用,数量：1台；原类别：其他；使用年限(月)：120,,,,,,,,,,,,,,,,,,,,,,,,,,,,,,,,,,,,
0300034,内燃叉车,其他,,,制硝车间办,,FD30,,,,,2022-08-31,0300034,126548.68,125498.33,否,,在用,数量：2台；原类别：运输设备；使用年限(月)：120,,,,,,,,,,,,,,,,,,,,,,,,,,,,,,,,,,,,
020200039,软启动器2台,其他,,,制硝车间办,,TCK2500,,,,,2020-03-30,020200039,47787.61,36462.01,否,,在用,数量：2台；原类别：机电类；使用年限(月)：120,,,,,,,,,,,,,,,,,,,,,,,,,,,,,,,,,,,,
020400031,盐酸储罐,锅炉/压力容器,,,制硝车间办,,盐酸储罐,,,,,2020-04-28,020400031,80309.73,43511.92,否,,在用,原类别：其他；使用年限(月)：60,,,,,,,,,,,,,,,,,,,,,,,,,,,,,,,,,,,,
020200035,304不锈钢风机,泵/风机,,,制硝车间办,,FS-51-4.5C,,,,,2019-09-25,020200035,7256.64,5192.76,否,,在用,数量：1台；原类别：机电类；使用年限(月)：120,,,,,,,,,,,,,,,,,,,,,,,,,,,,,,,,,,,,
020200043,离心机一级转鼓,其他,,,制硝车间办,,P-60,,,,,2020-09-28,020200043,84272.57,52316.33,否,,在用,原类别：机电类；使用年限(月)：60,,,,,,,,,,,,,,,,,,,,,,,,,,,,,,,,,,,,
020400033,摩托车,其他,,,制硝车间办,,SJF1800DZH-6,,,,,2020-11-27,020400033,5680.0,2381.22,否,,在用,数量：1台；原类别：其他；使用年限(月)：36,,,,,,,,,,,,,,,,,,,,,,,,,,,,,,,,,,,,
020400034,轴流泵拆卸工具组件,泵/风机,,,制硝车间办,,HZW1000-1200-1400,,,,,2020-12-29,020400034,111504.42,49686.3,否,,在用,原类别：其他；使用年限(月)：36,,,,,,,,,,,,,,,,,,,,,,,,,,,,,,,,,,,,
020200046,高压清洗机,其他,,,制硝车间办,,JQL-3527,,,,,2020-12-29,020200046,21504.42,9582.3,否,,在用,原类别：机电类；使用年限(月)：36,,,,,,,,,,,,,,,,,,,,,,,,,,,,,,,,,,,,
020200047,高效节能电机,电机,,,制硝车间办,,YE3-280S-2-75KW,,,,,2020-12-29,020200047,11017.7,4909.43,否,,在用,原类别：机电类；使用年限(月)：36,,,,,,,,,,,,,,,,,,,,,,,,,,,,,,,,,,,,
020200048,金属波纹膨胀节,其他,,,制硝车间办,,316L DN1200.800,,,,,2021-03-26,020200048,265221.24,139188.12,否,,在用,原类别：机电类；使用年限(月)：36,,,,,,,,,,,,,,,,,,,,,,,,,,,,,,,,,,,,
020200049,四川特变移相变压器,其他,,,制硝车间办,,ZTSGF-5600/10.5-0.69,,,,,2021-10-25,020200049,234513.27,214134.12,否,,在用,原类别：机电类；使用年限(月)：120,,,,,,,,,,,,,,,,,,,,,,,,,,,,,,,,,,,,
020200050,清洗机,其他,,,制硝车间办,,JQL-3527,,,,,2021-10-29,020200050,23362.83,21229.82,否,,在用,原类别：机电类；使用年限(月)：120,,,,,,,,,,,,,,,,,,,,,,,,,,,,,,,,,,,,
020200051,湿式除尘器型号450  2台,锅炉/压力容器,,,制硝车间办,,450,,,,,2021-11-18,020200051,178217.82,164138.62,否,,在用,数量：2台；原类别：机电类；使用年限(月)：120,,,,,,,,,,,,,,,,,,,,,,,,,,,,,,,,,,,,
0400026,美的空调 2套  MVR中控室,其他,,,一系统办,,MDV-125Q4/SDN1-D,,,,,2020-07-17,0400026,20900.0,5793.48,否,,在用,数量：2台；原类别：电子设备；使用年限(月)：36,,,,,,,,,,,,,,,,,,,,,,,,,,,,,,,,,,,,
020100031,石油泵XZA200-150-400,泵/风机,,,一系统办,,XZA200-150-400,,,,,2022-06-21,020100031,26964.59,23591.33,否,,在用,原类别：泵类；使用年限(月)：24,,,,,,,,,,,,,,,,,,,,,,,,,,,,,,,,,,,,
020100032,流程泵XZA200-150-250C,泵/风机,,,一系统办,,XZA200-150-250C,,,,,2022-06-21,020100032,21057.16,18422.92,否,,在用,原类别：泵类；使用年限(月)：24,,,,,,,,,,,,,,,,,,,,,,,,,,,,,,,,,,,,
020100033,试压泵,泵/风机,,,一系统办,,3DYQ750-31.5,,,,,2022-06-21,020100033,14537.06,12718.46,否,,在用,原类别：泵类；使用年限(月)：24,,,,,,,,,,,,,,,,,,,,,,,,,,,,,,,,,,,,
0400030,在线监测,仪表,,,一系统办,1系统中控室；1系统蒸发,,成都云卬科技有限公司,,,,2022-06-21,0400030,85610.16,74900.34,否,,在用,数量：1套；原类别：电子设备；使用年限(月)：24,,,,,,,,,,,,,,,,,,,,,,,,,,,,,,,,,,,,
0400031,熔体流动速率测定仪,仪表,,,一系统办,质检科分析室；质检科,XRZ-400,无此设备,,,,2022-06-21,0400031,5877.9,5142.57,否,,在用,数量：1套；原类别：电子设备；使用年限(月)：24,,,,,,,,,,,,,,,,,,,,,,,,,,,,,,,,,,,,
020500003,蒸发系统4-7罐体保温,锅炉/压力容器,,,一系统办,,,,,,,2019-04-22,020500003,474431.07,167094.66,否,,在用,原类别：蒸发系统；使用年限(月)：60,,,,,,,,,,,,,,,,,,,,,,,,,,,,,,,,,,,,
0400032,手持机,其他,,,一系统办,,zj--hq1000h,,,,,2022-06-21,0400032,10119.99,8853.99,否,,在用,数量：1套；原类别：电子设备；使用年限(月)：24,,,,,,,,,,,,,,,,,,,,,,,,,,,,,,,,,,,,
0400033,喷码机,其他,,,一系统办,,CCS3000L,,,,,2022-06-21,0400033,13809.16,12081.64,否,,在用,数量：1套；原类别：电子设备；使用年限(月)：24,,,,,,,,,,,,,,,,,,,,,,,,,,,,,,,,,,,,
020100025,泵类,泵/风机,,,一系统办,,MD450-60*20,,,,,2019-12-31,020100025,492035.4,63374.31,否,,在用,数量：3台；原类别：泵类；使用年限(月)：36,,,,,,,,,,,,,,,,,,,,,,,,,,,,,,,,,,,,
020100001,水环真空泵泵头,泵/风机,,,一系统办,,2BE1 252N,,,,,2018-10-23,020100001,48275.85,2413.79,否,,在用,原类别：泵类；使用年限(月)：36,,,,,,,,,,,,,,,,,,,,,,,,,,,,,,,,,,,,
020200036,螺杆式空压机,泵/风机,,,一系统办,,EZV-22A,,,,,2019-11-29,020200036,28318.58,20712.1,否,,在用,数量：1套；原类别：机电类；使用年限(月)：120,,,,,,,,,,,,,,,,,,,,,,,,,,,,,,,,,,,,
020200055,电气微机综合自动化保护系统,其他,,,一系统办,,SR--2LKX,,,,,2022-06-21,020200055,143774.39,125788.22,否,,在用,原类别：机电类；使用年限(月)：24,,,,,,,,,,,,,,,,,,,,,,,,,,,,,,,,,,,,
020200056,高压开关柜,其他,,,一系统办,,,,,,,2022-06-21,020200056,8218.14,7190.04,否,,在用,原类别：机电类；使用年限(月)：24,,,,,,,,,,,,,,,,,,,,,,,,,,,,,,,,,,,,
020200057,低压配电柜,其他,,,一系统办,,GGDAA1,,,,,2022-06-21,020200057,9574.18,8376.46,否,,在用,原类别：机电类；使用年限(月)：24,,,,,,,,,,,,,,,,,,,,,,,,,,,,,,,,,,,,
020200058,变压器,其他,,,一系统办,,S11-M-500/10-0.4,,,,,2022-06-21,020200058,36605.9,32026.49,否,,在用,原类别：机电类；使用年限(月)：24,,,,,,,,,,,,,,,,,,,,,,,,,,,,,,,,,,,,
020200059,低压出线柜,其他,,,一系统办,,GCS,,,,,2022-06-21,020200059,26781.39,23431.05,否,,在用,原类别：机电类；使用年限(月)：24,,,,,,,,,,,,,,,,,,,,,,,,,,,,,,,,,,,,
020200060,软启动器3台,其他,,,一系统办,,TCK2090,,,,,2022-06-21,020200060,21065.52,18430.23,否,,在用,数量：3台；原类别：机电类；使用年限(月)：24,,,,,,,,,,,,,,,,,,,,,,,,,,,,,,,,,,,,
020200061,变压器2台,其他,,,一系统办,,S11-M-630/10,,,,,2022-06-21,020200061,34455.19,30144.85,否,,在用,数量：2台；原类别：机电类；使用年限(月)：24,,,,,,,,,,,,,,,,,,,,,,,,,,,,,,,,,,,,
020200062,变压器,其他,,,一系统办,,S11-M-1000/10,,,,,2022-06-21,020200062,24289.37,21250.76,否,,在用,原类别：机电类；使用年限(月)：24,,,,,,,,,,,,,,,,,,,,,,,,,,,,,,,,,,,,
020200063,变压器,其他,,,一系统办,,S11-M-1600KVA,,,,,2022-06-21,020200063,59873.26,52383.13,否,,在用,原类别：机电类；使用年限(月)：24,,,,,,,,,,,,,,,,,,,,,,,,,,,,,,,,,,,,
020200064,软启动器,其他,,,一系统办,,TCR2320,,,,,2022-06-21,020200064,9882.19,8645.92,否,,在用,原类别：机电类；使用年限(月)：24,,,,,,,,,,,,,,,,,,,,,,,,,,,,,,,,,,,,
020200065,一次风机,泵/风机,,,一系统办,,,,,,,2022-06-21,020200065,12856.14,11247.84,否,,在用,原类别：机电类；使用年限(月)：24,,,,,,,,,,,,,,,,,,,,,,,,,,,,,,,,,,,,
020200066,水冷式滚筒冷渣机,锅炉/压力容器,,,一系统办,,DG-08,,,,,2022-06-21,020200066,82560.06,72231.81,否,,在用,原类别：机电类；使用年限(月)：24,,,,,,,,,,,,,,,,,,,,,,,,,,,,,,,,,,,,
020200067,双级推料离心机,其他,,,一系统办,,P-60,,,,,2022-06-21,020200067,137752.65,120519.78,否,,在用,原类别：机电类；使用年限(月)：24,,,,,,,,,,,,,,,,,,,,,,,,,,,,,,,,,,,,
020200068,双级推料离心机,其他,,,一系统办,,P-60,,,,,2022-06-21,020200068,547952.11,479403.31,否,,在用,原类别：机电类；使用年限(月)：24,,,,,,,,,,,,,,,,,,,,,,,,,,,,,,,,,,,,
020200069,电机YKK500-6,电机,,,一系统办,,电机YKK500-6,,,,,2022-06-21,020200069,73226.73,64066.08,否,,在用,原类别：机电类；使用年限(月)：24,,,,,,,,,,,,,,,,,,,,,,,,,,,,,,,,,,,,
020200070,电动机*YE2,电机,,,一系统办,,225M-4/45 225M-2/45,,,,,2022-06-21,020200070,5068.91,4434.8,否,,在用,原类别：机电类；使用年限(月)：24,,,,,,,,,,,,,,,,,,,,,,,,,,,,,,,,,,,,
020200071,304不锈钢风机,泵/风机,,,一系统办,,FS-51-4.5C,,,,,2022-06-21,020200071,3602.22,3151.59,否,,在用,原类别：机电类；使用年限(月)：24,,,,,,,,,,,,,,,,,,,,,,,,,,,,,,,,,,,,
020200072,真空滤油机,其他,,,一系统办,,TY-50,,,,,2022-06-21,020200072,20043.65,17536.19,否,,在用,原类别：机电类；使用年限(月)：24,,,,,,,,,,,,,,,,,,,,,,,,,,,,,,,,,,,,
020200073,双级推料离心机,其他,,,一系统办,,P-60,,,,,2022-06-21,020200073,278939.74,244044.37,否,,在用,原类别：机电类；使用年限(月)：24,,,,,,,,,,,,,,,,,,,,,,,,,,,,,,,,,,,,
020200074,高压清洗机 2台,其他,,,一系统办,,3DYQ750/31.5,,,,,2022-06-21,020200074,33190.43,29038.31,否,,在用,数量：2台；原类别：机电类；使用年限(月)：24,,,,,,,,,,,,,,,,,,,,,,,,,,,,,,,,,,,,
020200075,风机,泵/风机,,,一系统办,,4-68-6.3C 22KW,,,,,2022-06-21,020200075,12283.36,10746.7,否,,在用,原类别：机电类；使用年限(月)：24,,,,,,,,,,,,,,,,,,,,,,,,,,,,,,,,,,,,
020200076,双梁桥抓,其他,,,一系统办,,10T*22.5,,,,,2022-06-21,020200076,201364.9,176174.14,否,,在用,原类别：机电类；使用年限(月)：24,,,,,,,,,,,,,,,,,,,,,,,,,,,,,,,,,,,,
020200077,亿丰磨,其他,,,一系统办,,YFM-86,,,,,2022-06-21,020200077,366339.95,320510.81,否,,在用,原类别：机电类；使用年限(月)：24,,,,,,,,,,,,,,,,,,,,,,,,,,,,,,,,,,,,
020200078,高压清洗机,其他,,,一系统办,,3520,,,,,2022-06-21,020200078,16732.3,14639.08,否,,在用,原类别：机电类；使用年限(月)：24,,,,,,,,,,,,,,,,,,,,,,,,,,,,,,,,,,,,
020200079,加热器,锅炉/压力容器,,,一系统办,,GL1-4R-20-1750,,,,,2022-06-21,020200079,10332.53,9039.92,否,,在用,原类别：机电类；使用年限(月)：24,,,,,,,,,,,,,,,,,,,,,,,,,,,,,,,,,,,,
020400036,工程安装,其他,,,一系统办,,,,,,,2022-06-21,020400036,6247354.26,6140524.5,否,,在用,原类别：其他；使用年限(月)：175,,,,,,,,,,,,,,,,,,,,,,,,,,,,,,,,,,,,
020400037,消防系统,其他,,,一系统办,,,,,,,2022-06-21,020400037,105100.5,96082.89,否,,在用,原类别：其他；使用年限(月)：35,,,,,,,,,,,,,,,,,,,,,,,,,,,,,,,,,,,,
0300026,运输皮带机,其他,,,一系统办,,B650L,,,,,2022-06-21,0300026,23162.27,21230.54,否,,在用,数量：1套；原类别：运输设备；使用年限(月)：36,,,,,,,,,,,,,,,,,,,,,,,,,,,,,,,,,,,,
0300027,叉车,其他,,,一系统办,,CPC30E,,,,,2022-06-21,0300027,21313.9,19536.31,否,,在用,数量：1台；原类别：运输设备；使用年限(月)：36,,,,,,,,,,,,,,,,,,,,,,,,,,,,,,,,,,,,
0300028,叉车,其他,,,一系统办,,FD30,,,,,2022-06-21,0300028,22639.99,20751.82,否,,在用,数量：1台；原类别：运输设备；使用年限(月)：36,,,,,,,,,,,,,,,,,,,,,,,,,,,,,,,,,,,,
0300029,内燃叉车,其他,,,一系统办,,FD30H,,,,,2022-06-21,0300029,16853.56,15447.97,否,,在用,数量：1台；原类别：运输设备；使用年限(月)：36,,,,,,,,,,,,,,,,,,,,,,,,,,,,,,,,,,,,
0300030,移动式登车桥,其他,,,一系统办,,DCQY-12T移动式登车桥,,,,,2022-06-21,0300030,22180.03,20330.23,否,,在用,数量：1台；原类别：运输设备；使用年限(月)：36,,,,,,,,,,,,,,,,,,,,,,,,,,,,,,,,,,,,
020500016,板式换热器,锅炉/压力容器,,,一系统办,,,,,,,2022-06-21,020500016,17438.29,16690.18,否,,在用,原类别：蒸发系统；使用年限(月)：70,,,,,,,,,,,,,,,,,,,,,,,,,,,,,,,,,,,,
020500017,发应沉清桶,锅炉/压力容器,,,一系统办,,,,,,,2022-06-21,020500017,74272.41,64134.24,否,,在用,原类别：蒸发系统；使用年限(月)：22,,,,,,,,,,,,,,,,,,,,,,,,,,,,,,,,,,,,
020500018,布袋除尘器,锅炉/压力容器,,,一系统办,,,,,,,2022-06-21,020500018,21846.44,20076.89,否,,在用,原类别：蒸发系统；使用年限(月)：37,,,,,,,,,,,,,,,,,,,,,,,,,,,,,,,,,,,,
020500019,反应桶,锅炉/压力容器,,,一系统办,,,,,,,2022-06-21,020500019,504727.8,491554.41,否,,在用,原类别：蒸发系统；使用年限(月)：115,,,,,,,,,,,,,,,,,,,,,,,,,,,,,,,,,,,,
020500020,蒸发器5效,锅炉/压力容器,,,一系统办,,,,,,,2022-06-21,020500020,186776.14,124523.65,否,,在用,原类别：蒸发系统；使用年限(月)：9,,,,,,,,,,,,,,,,,,,,,,,,,,,,,,,,,,,,
020500021,板式换热器,锅炉/压力容器,,,一系统办,,AU15L2-1S6E,,,,,2022-06-21,020500021,62808.5,57570.26,否,,在用,原类别：蒸发系统；使用年限(月)：36,,,,,,,,,,,,,,,,,,,,,,,,,,,,,,,,,,,,
020500022,制硝蒸发1、3、4、5效加热室及耗材,锅炉/压力容器,,,一系统办,,1、3、4、5效蒸发加热室及耗材,,,,,2022-06-21,020500022,5388791.63,5296643.3,否,,在用,数量：5套；原类别：蒸发系统；使用年限(月)：175,,,,,,,,,,,,,,,,,,,,,,,,,,,,,,,,,,,,
020500023,结晶增稠器,其他,,,一系统办,,KRS3128,,,,,2022-06-21,020500023,18804.82,16632.85,否,,在用,原类别：蒸发系统；使用年限(月)：26,,,,,,,,,,,,,,,,,,,,,,,,,,,,,,,,,,,,
020500024,搅拌装置,其他,,,一系统办,,14000*16000,,,,,2022-06-21,020500024,17808.65,11873.03,否,,在用,原类别：蒸发系统；使用年限(月)：9,,,,,,,,,,,,,,,,,,,,,,,,,,,,,,,,,,,,
020500025,搅拌装置,其他,,,一系统办,,7000*6000,,,,,2022-06-21,020500025,4984.46,3323.15,否,,在用,原类别：蒸发系统；使用年限(月)：9,,,,,,,,,,,,,,,,,,,,,,,,,,,,,,,,,,,,
020500026,搅拌装置,其他,,,一系统办,,2000*2000,,,,,2022-06-21,020500026,997.04,664.73,否,,在用,原类别：蒸发系统；使用年限(月)：9,,,,,,,,,,,,,,,,,,,,,,,,,,,,,,,,,,,,
020500027,搅拌装置,其他,,,一系统办,,1500*1500,,,,,2022-06-21,020500027,634.93,423.31,否,,在用,原类别：蒸发系统；使用年限(月)：9,,,,,,,,,,,,,,,,,,,,,,,,,,,,,,,,,,,,
020500028,搅拌装置,其他,,,一系统办,,14000*16000,,,,,2022-06-21,020500028,17808.65,11873.03,否,,在用,原类别：蒸发系统；使用年限(月)：9,,,,,,,,,,,,,,,,,,,,,,,,,,,,,,,,,,,,
020500029,防腐工程,其他,,,一系统办,,,,,,,2022-06-21,020500029,2852834.04,2804050.59,否,,在用,原类别：蒸发系统；使用年限(月)：175,,,,,,,,,,,,,,,,,,,,,,,,,,,,,,,,,,,,
020500030,除沫器,其他,,,一系统办,,,,,,,2022-06-21,020500030,20831.57,15150.8,否,,在用,原类别：蒸发系统；使用年限(月)：11,,,,,,,,,,,,,,,,,,,,,,,,,,,,,,,,,,,,
020500031,搅拌机,其他,,,一系统办,,14000*16000,,,,,2022-06-21,020500031,20467.83,14886.24,否,,在用,原类别：蒸发系统；使用年限(月)：11,,,,,,,,,,,,,,,,,,,,,,,,,,,,,,,,,,,,
020500032,干燥系统,其他,,,一系统办,,,,,,,2022-06-21,020500032,187596.81,125070.78,否,,在用,原类别：蒸发系统；使用年限(月)：9,,,,,,,,,,,,,,,,,,,,,,,,,,,,,,,,,,,,
020500033,原硝水桶,锅炉/压力容器,,,一系统办,,元硝水桶D14000*16000,,,,,2022-06-21,020500033,394733.28,377562.39,否,,在用,原类别：蒸发系统；使用年限(月)：69,,,,,,,,,,,,,,,,,,,,,,,,,,,,,,,,,,,,
020500034,冷凝水桶,锅炉/压力容器,,,一系统办,,冷凝水桶D14000*16000,,,,,2022-06-21,020500034,394733.28,377562.39,否,,在用,原类别：蒸发系统；使用年限(月)：69,,,,,,,,,,,,,,,,,,,,,,,,,,,,,,,,,,,,
020500035,预热水桶,锅炉/压力容器,,,一系统办,,预热水桶D14000*16000,,,,,2022-06-21,020500035,394733.28,377562.39,否,,在用,原类别：蒸发系统；使用年限(月)：69,,,,,,,,,,,,,,,,,,,,,,,,,,,,,,,,,,,,
020500036,搅拌桶D14000*16000,锅炉/压力容器,,,一系统办,,搅拌桶D14000*16000,,,,,2022-06-21,020500036,926414.36,886115.33,否,,在用,原类别：蒸发系统；使用年限(月)：69,,,,,,,,,,,,,,,,,,,,,,,,,,,,,,,,,,,,
020500037,水蒸汽机组3台,锅炉/压力容器,,,一系统办,,EGV100-1,,,,,2022-06-22,020500037,17380480.51,16968563.11,否,,在用,数量：3台；原类别：蒸发系统；使用年限(月)：120,,,,,,,,,,,,,,,,,,,,,,,,,,,,,,,,,,,,
020100034,循环泵5台,泵/风机,,,一系统办,,HZW1400F,,,,,2022-06-22,020100034,4651918.43,4541667.95,否,,在用,数量：5台；原类别：泵类；使用年限(月)：120,,,,,,,,,,,,,,,,,,,,,,,,,,,,,,,,,,,,
0300031,固定式带式输送机1台,其他,,,一系统办,,DTL80-15-2*75  720m,,,,,2022-06-22,0300031,2480642.64,2418874.65,否,,在用,数量：1台；原类别：运输设备；使用年限(月)：120,,,,,,,,,,,,,,,,,,,,,,,,,,,,,,,,,,,,
0300032,管架式带式输送机2台,其他,,,一系统办,,DTG80-15-55  550m,,,,,2022-06-22,0300032,3621076.14,3535256.64,否,,在用,数量：2台；原类别：运输设备；使用年限(月)：120,,,,,,,,,,,,,,,,,,,,,,,,,,,,,,,,,,,,
0300033,管家式带式输送机2台,其他,,,一系统办,,DTG80-15-55  480m,,,,,2022-06-22,0300033,3162162.96,3087219.69,否,,在用,数量：2台；原类别：运输设备；使用年限(月)：120,,,,,,,,,,,,,,,,,,,,,,,,,,,,,,,,,,,,
020500038,板式换热器4台,锅炉/压力容器,,,一系统办,,EAC15BW-1.0/120-77,,,,,2022-06-22,020500038,123290.11,120368.14,否,,在用,数量：4台；原类别：蒸发系统；使用年限(月)：120,,,,,,,,,,,,,,,,,,,,,,,,,,,,,,,,,,,,
020200080,风机,泵/风机,,,一系统办,,7-16NO20D,,,,,2022-06-22,020200080,228315.01,222903.94,否,,在用,数量：1台；原类别：机电类；使用年限(月)：120,,,,,,,,,,,,,,,,,,,,,,,,,,,,,,,,,,,,
020200081,风机,泵/风机,,,一系统办,,Y6-48NO12.5D,,,,,2022-06-22,020200081,155254.21,151574.68,否,,在用,数量：1台；原类别：机电类；使用年限(月)：120,,,,,,,,,,,,,,,,,,,,,,,,,,,,,,,,,,,,
020200082,干燥用电加热器（导热油炉及风道加热器等一套设备）,锅炉/压力容器,,,一系统办,,380V 2500KW/2300KW,,,,,2022-06-22,020200082,1707796.31,1667321.54,否,,在用,原类别：机电类；使用年限(月)：120,,,,,,,,,,,,,,,,,,,,,,,,,,,,,,,,,,,,
020200083,蒸汽洗涤器内捕沫器一套,锅炉/压力容器,,,一系统办,,5500/2200-150 york709 316L,,,,,2022-06-22,020200083,1187238.08,1159100.54,否,,在用,数量：1套；原类别：机电类；使用年限(月)：120,,,,,,,,,,,,,,,,,,,,,,,,,,,,,,,,,,,,
020200084,手动单梁起重机1台,其他,,,一系统办,,LS 25T-10米 起升高度12米,,,,,2022-06-22,020200084,297151.99,290109.49,否,,在用,数量：1台；原类别：机电类；使用年限(月)：120,,,,,,,,,,,,,,,,,,,,,,,,,,,,,,,,,,,,
020200085,电动单梁起重机2台,其他,,,一系统办,,LS 5T24米,,,,,2022-06-22,020200085,630149.44,615214.9,否,,在用,数量：2台；原类别：机电类；使用年限(月)：120,,,,,,,,,,,,,,,,,,,,,,,,,,,,,,,,,,,,
020200086,洗涤水泵6套,泵/风机,,,一系统办,,IJ150-125-450PK,,,,,2022-06-22,020200086,630375.47,615435.56,否,,在用,数量：6套；原类别：机电类；使用年限(月)：120,,,,,,,,,,,,,,,,,,,,,,,,,,,,,,,,,,,,
020200087,冷凝水泵6套,泵/风机,,,一系统办,,IJ150-120-400PK,,,,,2022-06-22,020200087,455947.37,445141.43,否,,在用,数量：6套；原类别：机电类；使用年限(月)：120,,,,,,,,,,,,,,,,,,,,,,,,,,,,,,,,,,,,
020100035,硝浆泵2台,泵/风机,,,一系统办,,AZ100-65-250PK,,,,,2022-06-22,020100035,81394.3,79465.27,否,,在用,数量：2台；原类别：泵类；使用年限(月)：120,,,,,,,,,,,,,,,,,,,,,,,,,,,,,,,,,,,,
020100036,滤液泵2台,泵/风机,,,一系统办,,IJ125-100-315PK,,,,,2022-06-22,020100036,166669.96,162719.89,否,,在用,数量：2台；原类别：泵类；使用年限(月)：120,,,,,,,,,,,,,,,,,,,,,,,,,,,,,,,,,,,,
020100037,冲洗水泵2台,泵/风机,,,一系统办,,IJ80-50-250PK,,,,,2022-06-22,020100037,63471.57,61967.28,否,,在用,数量：2台；原类别：泵类；使用年限(月)：120,,,,,,,,,,,,,,,,,,,,,,,,,,,,,,,,,,,,
020100038,密封水泵2台,泵/风机,,,一系统办,,IJ65-40-250PK,,,,,2022-06-22,020100038,56165.49,54834.36,否,,在用,数量：2台；原类别：泵类；使用年限(月)：120,,,,,,,,,,,,,,,,,,,,,,,,,,,,,,,,,,,,
020100039,精硝水泵4台,泵/风机,,,一系统办,,IJ125-80-250PK,,,,,2022-06-22,020100039,237447.62,231820.1,否,,在用,数量：4台；原类别：泵类；使用年限(月)：120,,,,,,,,,,,,,,,,,,,,,,,,,,,,,,,,,,,,
020100040,硝浆泵8套,泵/风机,,,一系统办,,AZ80-50-250PK,,,,,2022-06-22,020100040,278544.32,271942.82,否,,在用,数量：8套；原类别：泵类；使用年限(月)：120,,,,,,,,,,,,,,,,,,,,,,,,,,,,,,,,,,,,
020200088,电动控制阀82台,阀门,,,一系统办,,,,,,,2022-06-22,020200088,2625675.02,2563446.53,否,,在用,数量：82台；原类别：机电类；使用年限(月)：120；包含明细：电动v型球阀、R2234WB-16K  DN100、DN150、DN80、1系统蒸发离心管道、1系统干燥、无锡智能自控工程股份有限公司；包含明细：电动执行机构、DJK3100、1系统冷风机、1系统干燥、无锡智能自控工程股份有限公司；包含明细：电动旋塞调节阀、F-2-STD-RH DN40  DN50 DN100 DN150、1系统蒸发管道、1系统蒸发、安策阀门（台仓）有限公司；包含明细：单座调节阀、P2234WB-16K  DN65、1系统蒸发干燥管道、1系统蒸发、无锡智能自控工程股份有限公司；包含明细：电动套筒调节阀、M3234WB-16K  DN150  DN300、1系统蒸发管道、1系统蒸发、无锡智能自控工程股份有限公司；包含明细：电动旋塞开关阀、R1334RB-16K  DN20 DN25 DN100、1系统蒸发管道、1系统蒸发、无锡智能自控工程股份有限公司；包含明细：电磁阀、DN15、1系统蒸发管道、1系统蒸发、上海法拉自控阀门有限公司,,,,,,,,,,,,,,,,,,,,,,,,,,,,,,,,,,,,
020500039,不锈钢加热室,锅炉/压力容器,,,一系统办,,Ф3200*8000/3000㎡,,,,,2022-06-22,020500039,3937813.69,3844487.5,否,,在用,数量：1套；原类别：蒸发系统；使用年限(月)：120,,,,,,,,,,,,,,,,,,,,,,,,,,,,,,,,,,,,
020500040,不锈钢加热室4套,锅炉/压力容器,,,一系统办,,Ф2200*8000/1500㎡,,,,,2022-06-22,020500040,7729782.42,7546586.58,否,,在用,数量：4套；原类别：蒸发系统；使用年限(月)：120,,,,,,,,,,,,,,,,,,,,,,,,,,,,,,,,,,,,
020500041,不锈钢预热器4套,锅炉/压力容器,,,一系统办,,Ф530*10500/800㎡,,,,,2022-06-22,020500041,5833798.05,5695537.05,否,,在用,数量：4套；原类别：蒸发系统；使用年限(月)：120,,,,,,,,,,,,,,,,,,,,,,,,,,,,,,,,,,,,
020500042,蒸汽洗涤塔3套,锅炉/压力容器,,,一系统办,,Ф5500/2000*24500,,,,,2022-06-22,020500042,2065794.25,2016834.94,否,,在用,数量：3套；原类别：蒸发系统；使用年限(月)：120,,,,,,,,,,,,,,,,,,,,,,,,,,,,,,,,,,,,
020500043,冷凝水闪发桶3台,锅炉/压力容器,,,一系统办,,Ф5032*6500,,,,,2022-06-22,020500043,834833.85,815048.28,否,,在用,数量：3台；原类别：蒸发系统；使用年限(月)：120,,,,,,,,,,,,,,,,,,,,,,,,,,,,,,,,,,,,
020200089,特种布袋除尘器,锅炉/压力容器,,,一系统办,,760㎡-5600m³/h,,,,,2022-06-22,020200089,1301395.58,1270552.49,否,,在用,数量：1台；原类别：机电类；使用年限(月)：120,,,,,,,,,,,,,,,,,,,,,,,,,,,,,,,,,,,,
020500044,干燥余热回收器,其他,,,一系统办,,HRQ1100,,,,,2022-06-22,020500044,1506879.1,1471166.08,否,,在用,数量：1台；原类别：蒸发系统；使用年限(月)：120,,,,,,,,,,,,,,,,,,,,,,,,,,,,,,,,,,,,
020500045,全自动卧式电热蒸汽锅炉,锅炉/压力容器,,,一系统办,,5760KW,,,,,2022-06-22,020500045,415305.01,405462.28,否,,在用,数量：1台；原类别：蒸发系统；使用年限(月)：120,,,,,,,,,,,,,,,,,,,,,,,,,,,,,,,,,,,,
020200090,配电柜,其他,,,一系统办,,标配,,,,,2022-06-22,020200090,233109.63,227584.92,否,,在用,数量：1套；原类别：机电类；使用年限(月)：120,,,,,,,,,,,,,,,,,,,,,,,,,,,,,,,,,,,,
020200091,仪表阀门2台,阀门,,,一系统办,精制控制室；精制,标配,昌辉仪表有限公司,,,,2022-06-22,020200091,3995.51,3900.83,否,,在用,数量：2台；原类别：机电类；使用年限(月)：120,,,,,,,,,,,,,,,,,,,,,,,,,,,,,,,,,,,,
020100041,不锈钢水泵,泵/风机,,,一系统办,,标配,,,,,2022-06-22,020100041,14840.48,14488.76,否,,在用,数量：2台；原类别：泵类；使用年限(月)：120,,,,,,,,,,,,,,,,,,,,,,,,,,,,,,,,,,,,
020200092,取样器,其他,,,一系统办,,,,,,,2022-06-22,020200092,570.79,557.26,否,,在用,数量：1台；原类别：机电类；使用年限(月)：120,,,,,,,,,,,,,,,,,,,,,,,,,,,,,,,,,,,,
020200093,动力变压器2台,其他,,,一系统办,,3150KVA,,,,,2022-06-22,020200093,408684.71,398998.88,否,,在用,数量：2台；原类别：机电类；使用年限(月)：120,,,,,,,,,,,,,,,,,,,,,,,,,,,,,,,,,,,,
020200094,高压开关柜20台,其他,,,一系统办,,KYN28-12A,,,,,2022-06-22,020200094,1274449.46,1244245.01,否,,在用,数量：20台；原类别：机电类；使用年限(月)：120,,,,,,,,,,,,,,,,,,,,,,,,,,,,,,,,,,,,
020200095,低压开关柜17台,其他,,,一系统办,,GCS,,,,,2022-06-22,020200095,1524923.94,1488783.24,否,,在用,数量：17台；原类别：机电类；使用年限(月)：120,,,,,,,,,,,,,,,,,,,,,,,,,,,,,,,,,,,,
020200096,自控仪表326台,仪表,,,一系统办,,,,,,,2022-06-22,020200096,1929368.66,1883642.63,否,,在用,数量：326台；原类别：机电类；使用年限(月)：120；包含明细：温度计、WZPK-230  M27*3；WZPK-430  DN50RF、1系统车间设备及管道上面、1系统蒸发、安徽天康集团；包含明细：压力表、Y-100MFB、1系统车间设备及管道上面、1系统蒸发、安徽天康集团；包含明细：磁耦合液位计、DN50RF、1系统闪发桶本体、1系统蒸发、河北省承德克罗尼仪表有限责任公司；包含明细：射频导纳开关、L2000  BM26A/P/C/RRL/KMR/0/N/040/F/M/V/M1 量程 0～2000mm、1系统洗涤塔本体、1系统蒸发、上海平迪凯特仪器仪表有限公司；包含明细：电导率、CCT-8301A、1系统洗涤塔管道、1系统蒸发、河北科瑞达仪器科技股份有限公司；包含明细：称重仪表、PM SS 15 PM、1系统沉降桶底部、1系统干燥、梅特勒托利多常州称重设备系统有限公司；包含明细：压力变送器、EJA438E、1系统精制反应桶、硝水桶、冷凝水桶、预热桶本体、精制、上海川仪股份有限公司；包含明细：压力变送器、EJA438E、1系统干燥离心管道、1系统干燥、上海川仪股份有限公司；包含明细：压力变送器、EJA438E、1系统蒸发室、加热室本体、循环管、滤液桶、洗涤塔本体及管道、1系统蒸发、上海川仪股份有限公司；包含明细：冲洗环、DN50、1系统蒸发本体及管道、1系统蒸发、上海川仪股份有限公司；包含明细：靶式流量计、KPM05F/RRL/M9/00/ESK   DN50PN40、1系统蒸发管道、1系统蒸发、河北省承德克罗尼仪表有限责任公司；包含明细：平衡流量计、MBF4131121SG05/EJA110E DN100、 DN150、DN200、DN350、DN400、1系统蒸发管道、1系统蒸发、承德菲时博特自动化设备有限公司；包含明细：均速管流量计、KDP-P-R-120-X10DE0 量程0～180t/h DN1200、1系统蒸发管道、1系统蒸发、河北省承德克罗尼仪表有限责任公司；包含明细：电磁流量计、AXW100   DN50、DN65、DN80、DN100、DN150、1系统蒸发管道、1系统蒸发、横河川仪股份有限公司；包含明细：金属管浮子流量计、DK250/RR/M40  DN25PN40  就地  量程0～6m3/h、1系统蒸发管道、1系统蒸发、河北省承德克罗尼仪表有限责任公司；包含明细：流量开关、FB20-025HMM、1系统冷凝水管道、1系统蒸发、上海百纳控制工程技术有限公司,,,,,,,,,,,,,,,,,,,,,,,,,,,,,,,,,,,,
020200097,机旁控制柜28个,其他,,,一系统办,,,,,,,2022-06-22,020200097,8918.04,8706.69,否,,在用,数量：28个；原类别：机电类；使用年限(月)：120,,,,,,,,,,,,,,,,,,,,,,,,,,,,,,,,,,,,
020200098,电气自动化装置1套,其他,,,一系统办,,,,,,,2022-06-22,020200098,199964.09,195224.93,否,,在用,数量：1套；原类别：机电类；使用年限(月)：120,,,,,,,,,,,,,,,,,,,,,,,,,,,,,,,,,,,,
020400038,电缆300米,其他,,,一系统办,,ZRB-YJV22-8.7/10KV-3*150,,,,,2022-06-22,020400038,33026.76,32244.03,否,,在用,数量：300米；原类别：其他；使用年限(月)：120,,,,,,,,,,,,,,,,,,,,,,,,,,,,,,,,,,,,
020400039,电缆100米,其他,,,一系统办,,ZRB-YJV22-8.7/10KV-3*120,,,,,2022-06-22,020400039,28608.33,27930.3,否,,在用,数量：100米；原类别：其他；使用年限(月)：120,,,,,,,,,,,,,,,,,,,,,,,,,,,,,,,,,,,,
0400034,DCS控制系统1套,仪表,,,一系统办,1系统中控室；1系统蒸发,ECS-700,浙江中控技术股份有限公司,,,,2022-06-22,0400034,644989.92,591197.76,否,,在用,数量：1套；原类别：电子设备；使用年限(月)：36,,,,,,,,,,,,,,,,,,,,,,,,,,,,,,,,,,,,
020400040,电缆360米,其他,,,一系统办,,ZRB-YJV22-8.7/10KV-3*50,,,,,2022-06-22,020400040,23970.7,23402.59,否,,在用,数量：360米；原类别：其他；使用年限(月)：120,,,,,,,,,,,,,,,,,,,,,,,,,,,,,,,,,,,,
0400035,内窥式蒸发罐视频及液位监测系统,仪表,,,一系统办,1系统1-5效蒸发罐内部；1系统蒸发,,安徽大学特种电视技术研究中心,,,,2022-06-22,0400035,227857.51,208854.19,否,,在用,数量：1套；原类别：电子设备；使用年限(月)：36,,,,,,,,,,,,,,,,,,,,,,,,,,,,,,,,,,,,
020100042,水泵2台,泵/风机,,,一系统办,,250S14A,,,,,2022-06-22,020100042,60722.08,59282.98,否,,在用,数量：2台；原类别：泵类；使用年限(月)：120,,,,,,,,,,,,,,,,,,,,,,,,,,,,,,,,,,,,
020200099,高效率三相异步电动机2台,电机,,,一系统办,,XKK450-6 355KW10KVIP54F级二级能效标准电机,,,,,2022-06-22,020200099,261419.02,255223.39,否,,在用,数量：2台；原类别：机电类；使用年限(月)：120,,,,,,,,,,,,,,,,,,,,,,,,,,,,,,,,,,,,
020200100,收水器,其他,,,一系统办,,160-45,,,,,2022-06-22,020200100,18222.28,17790.4,否,,在用,数量：162米；原类别：机电类；使用年限(月)：120,,,,,,,,,,,,,,,,,,,,,,,,,,,,,,,,,,,,
020200101,离心风机变频器1套,泵/风机,,,一系统办,,MD480T315G,,,,,2022-06-22,020200101,77740.96,75898.51,否,,在用,数量：1套；原类别：机电类；使用年限(月)：120,,,,,,,,,,,,,,,,,,,,,,,,,,,,,,,,,,,,
020200102,收水器支撑架,其他,,,一系统办,,300*300,,,,,2022-06-22,020200102,11091.82,10828.93,否,,在用,数量：81米；原类别：机电类；使用年限(月)：120,,,,,,,,,,,,,,,,,,,,,,,,,,,,,,,,,,,,
020200103,离心风机变频器1套,泵/风机,,,一系统办,,MD480T132G,,,,,2022-06-22,020200103,34261.96,33449.95,否,,在用,数量：1套；原类别：机电类；使用年限(月)：120,,,,,,,,,,,,,,,,,,,,,,,,,,,,,,,,,,,,
020200104,阀门及附件1批,阀门,,,一系统办,,,,,,,2022-06-22,020200104,931351.05,909278.04,否,,在用,数量：1批；原类别：机电类；使用年限(月)：120,,,,,,,,,,,,,,,,,,,,,,,,,,,,,,,,,,,,
020200105,闸阀26个,阀门,,,一系统办,,,,,,,2022-06-22,020200105,26104.21,25485.55,否,,在用,数量：26个；原类别：机电类；使用年限(月)：120,,,,,,,,,,,,,,,,,,,,,,,,,,,,,,,,,,,,
020100043,喷射泵,泵/风机,,,一系统办,,PSV-100,,,,,2022-06-22,020100043,18090.99,17662.23,否,,在用,数量：1台；原类别：泵类；使用年限(月)：120,,,,,,,,,,,,,,,,,,,,,,,,,,,,,,,,,,,,
020200106,罗茨风机,泵/风机,,,一系统办,,SR-150B-15KW,,,,,2022-06-22,020200106,17085.94,16681.0,否,,在用,数量：1台；原类别：机电类；使用年限(月)：120,,,,,,,,,,,,,,,,,,,,,,,,,,,,,,,,,,,,
020200107,动力变压器1台,其他,,,一系统办,,6300KVA,,,,,2022-06-22,020200107,301516.53,294370.59,否,,在用,数量：1台；原类别：机电类；使用年限(月)：120,,,,,,,,,,,,,,,,,,,,,,,,,,,,,,,,,,,,
020400041,0.4KV母线桥5.6套,其他,,,一系统办,,6300KVA,,,,,2022-06-22,020400041,102085.5,99666.06,否,,在用,数量：6套；原类别：其他；使用年限(月)：120,,,,,,,,,,,,,,,,,,,,,,,,,,,,,,,,,,,,
0400036,软连接6根,其他,,,一系统办,,10*250*700,,,,,2022-06-22,0400036,22548.25,20762.44,否,,在用,数量：6根；原类别：电子设备；使用年限(月)：36,,,,,,,,,,,,,,,,,,,,,,,,,,,,,,,,,,,,
0400037,软连接2根,其他,,,一系统办,,10*100*900,,,,,2022-06-22,0400037,3956.77,3626.77,否,,在用,数量：2根；原类别：电子设备；使用年限(月)：36,,,,,,,,,,,,,,,,,,,,,,,,,,,,,,,,,,,,
020200108,高压变频器空水冷系统7套,其他,,,一系统办,,SAM-370T-110,,,,,2022-06-22,020200108,294167.06,287195.3,否,,在用,数量：7套；原类别：机电类；使用年限(月)：120,,,,,,,,,,,,,,,,,,,,,,,,,,,,,,,,,,,,
0400038,工业监控系统,仪表,,,一系统办,1系统车间内部；1系统蒸发,,海康威视,,,,2022-06-22,0400038,355119.47,325502.51,否,,在用,数量：1套；原类别：电子设备；使用年限(月)：36,,,,,,,,,,,,,,,,,,,,,,,,,,,,,,,,,,,,
020100044,废水泵1台,泵/风机,,,一系统办,,300S90,,,,,2022-06-22,020100044,41353.83,40373.73,否,,在用,数量：1台；原类别：泵类；使用年限(月)：120,,,,,,,,,,,,,,,,,,,,,,,,,,,,,,,,,,,,
020100045,循环水泵2台,泵/风机,,,一系统办,,300S58B,,,,,2022-06-22,020100045,69097.54,67459.93,否,,在用,数量：2台；原类别：泵类；使用年限(月)：120,,,,,,,,,,,,,,,,,,,,,,,,,,,,,,,,,,,,
020400042,配电电力电缆,其他,,,一系统办,,,,,,,2022-06-22,020400042,551358.78,538291.59,否,,在用,数量：1套；原类别：其他；使用年限(月)：120,,,,,,,,,,,,,,,,,,,,,,,,,,,,,,,,,,,,
020100046,喷淋冷却塔2台,泵/风机,,,一系统办,,350S16A,,,,,2022-06-22,020100046,75379.13,73592.63,否,,在用,数量：2台；原类别：泵类；使用年限(月)：120,,,,,,,,,,,,,,,,,,,,,,,,,,,,,,,,,,,,
020500046,板式换热器,锅炉/压力容器,,,一系统办,,UC40BW-1.0/120-29,,,,,2022-06-22,020500046,285812.54,279038.78,否,,在用,数量：1台；原类别：蒸发系统；使用年限(月)：120,,,,,,,,,,,,,,,,,,,,,,,,,,,,,,,,,,,,
020500047,硝水净化反应搅拌装置2套,其他,,,一系统办,,,,,,,2022-06-22,020500047,457300.07,446462.06,否,,在用,数量：2套；原类别：蒸发系统；使用年限(月)：120,,,,,,,,,,,,,,,,,,,,,,,,,,,,,,,,,,,,
0400039,10KV线路保护装置4台,其他,,,一系统办,,NSR-305,,,,,2022-06-22,0400039,154284.77,142065.41,否,,在用,数量：4台；原类别：电子设备；使用年限(月)：36,,,,,,,,,,,,,,,,,,,,,,,,,,,,,,,,,,,,
020200109,罗茨风机,泵/风机,,,一系统办,,LFSR-150B,,,,,2022-06-22,020200109,17762.39,17341.43,否,,在用,数量：1套；原类别：机电类；使用年限(月)：120,,,,,,,,,,,,,,,,,,,,,,,,,,,,,,,,,,,,
0400040,后台软件扩容1套,其他,,,一系统办,,NS2000,,,,,2022-06-22,0400040,33061.02,30303.72,否,,在用,数量：1套；原类别：电子设备；使用年限(月)：36,,,,,,,,,,,,,,,,,,,,,,,,,,,,,,,,,,,,
020200110,空气斜槽,其他,,,一系统办,,B630-6m,,,,,2022-06-22,020200110,39965.37,39018.18,否,,在用,数量：1套；原类别：机电类；使用年限(月)：120,,,,,,,,,,,,,,,,,,,,,,,,,,,,,,,,,,,,
0400041,微机五防锁具1套,其他,,,一系统办,,WFBX,,,,,2022-06-22,0400041,2204.07,2020.26,否,,在用,数量：1套；原类别：电子设备；使用年限(月)：36,,,,,,,,,,,,,,,,,,,,,,,,,,,,,,,,,,,,
020100047,气力提升泵,泵/风机,,,一系统办,,TL90,,,,,2022-06-22,020100047,72159.7,70449.52,否,,在用,数量：1台；原类别：泵类；使用年限(月)：120,,,,,,,,,,,,,,,,,,,,,,,,,,,,,,,,,,,,
020200111,罗茨风机,泵/风机,,,一系统办,,LFSR-225,,,,,2022-06-22,020200111,69495.34,67848.31,否,,在用,数量：1套；原类别：机电类；使用年限(月)：120,,,,,,,,,,,,,,,,,,,,,,,,,,,,,,,,,,,,
0400042,微机防误闭锁系统软件扩容,其他,,,一系统办,,WFBX,,,,,2022-06-22,0400042,19836.61,18182.23,否,,在用,数量：1套；原类别：电子设备；使用年限(月)：36,,,,,,,,,,,,,,,,,,,,,,,,,,,,,,,,,,,,
020200112,除尘器,锅炉/压力容器,,,一系统办,,MC-200,,,,,2022-06-22,020200112,102133.73,99713.15,否,,在用,数量：1套；原类别：机电类；使用年限(月)：120,,,,,,,,,,,,,,,,,,,,,,,,,,,,,,,,,,,,
020400043,电缆1批,其他,,,一系统办,,0-1KV,,,,,2022-06-22,020400043,1126499.25,1099801.23,否,,在用,数量：1批；原类别：其他；使用年限(月)：120,,,,,,,,,,,,,,,,,,,,,,,,,,,,,,,,,,,,
020400044,电缆450米,其他,,,一系统办,,ZRB-YJV22-8.7/10KV-3*240,,,,,2022-06-22,020400044,236221.23,230622.78,否,,在用,数量：450米；原类别：其他；使用年限(月)：120,,,,,,,,,,,,,,,,,,,,,,,,,,,,,,,,,,,,
020400045,板片60片,其他,,,一系统办,,EAC15BW,,,,,2022-06-22,020400045,11620.95,11345.52,否,,在用,数量：60片；原类别：其他；使用年限(月)：120,,,,,,,,,,,,,,,,,,,,,,,,,,,,,,,,,,,,
020400046,垫片60条,其他,,,一系统办,,EAC15BW,,,,,2022-06-22,020400046,4145.85,4047.6,否,,在用,数量：30条；原类别：其他；使用年限(月)：120,,,,,,,,,,,,,,,,,,,,,,,,,,,,,,,,,,,,
020100048,废水泵 1台,泵/风机,,,一系统办,,300S90,,,,,2022-06-22,020100048,54021.71,52741.4,否,,在用,数量：1台；原类别：泵类；使用年限(月)：120,,,,,,,,,,,,,,,,,,,,,,,,,,,,,,,,,,,,
020100049,原硝水预热泵1台,泵/风机,,,一系统办,,250S24,,,,,2022-06-22,020100049,35595.7,34752.07,否,,在用,数量：1台；原类别：泵类；使用年限(月)：120,,,,,,,,,,,,,,,,,,,,,,,,,,,,,,,,,,,,
020400047,母线桥2套,其他,,,一系统办,,2300*1000*1000+1000,,,,,2022-06-22,020400047,129604.99,126533.35,否,,在用,数量：2套；原类别：其他；使用年限(月)：120,,,,,,,,,,,,,,,,,,,,,,,,,,,,,,,,,,,,
020400048,母线桥2套,其他,,,一系统办,,3400*700*500,,,,,2022-06-22,020400048,119564.91,116731.23,否,,在用,数量：2套；原类别：其他；使用年限(月)：120,,,,,,,,,,,,,,,,,,,,,,,,,,,,,,,,,,,,
020500048,硝水桶1套,锅炉/压力容器,,,一系统办,,,,,,,2022-06-22,020500048,2199251.09,2147128.85,否,,在用,数量：1套；原类别：蒸发系统；使用年限(月)：120,,,,,,,,,,,,,,,,,,,,,,,,,,,,,,,,,,,,
020500049,板式换热器1台,锅炉/压力容器,,,一系统办,,UC40BW-1.0/120-253,,,,,2022-06-22,020500049,238700.58,233043.39,否,,在用,数量：1台；原类别：蒸发系统；使用年限(月)：120,,,,,,,,,,,,,,,,,,,,,,,,,,,,,,,,,,,,
0400027,电脑,其他,,,一系统办,1系统中控室；1系统蒸发,HP    MVR中控室,中国戴尔有限公司,,,,2020-09-27,0400027,9108.91,3031.39,否,,在用,数量：3台；原类别：电子设备；使用年限(月)：36,,,,,,,,,,,,,,,,,,,,,,,,,,,,,,,,,,,,
020200011,V型调节阀,阀门,,,二系统办,2系统蒸发管道；2系统蒸发,DN150,浙江康赛特阀门有限公司,,,,2019-03-31,020200011,24827.59,8351.83,否,,在用,数量：5台；原类别：机电类；使用年限(月)：60,,,,,,,,,,,,,,,,,,,,,,,,,,,,,,,,,,,,
020200012,变压器整流器,其他,,,二系统办,,SG-350,,,,,2019-03-31,020200012,43103.45,14500.19,否,,在用,数量：1套；原类别：机电类；使用年限(月)：60,,,,,,,,,,,,,,,,,,,,,,,,,,,,,,,,,,,,
020100009,泵头,泵/风机,,,二系统办,,HZW1200F,,,,,2019-03-31,020100009,300000.0,100920.0,否,,在用,原类别：泵类；使用年限(月)：60,,,,,,,,,,,,,,,,,,,,,,,,,,,,,,,,,,,,
020100010,过渡环,其他,,,二系统办,,HZW1200F,,,,,2019-03-31,020100010,26724.14,8990.06,否,,在用,原类别：泵类；使用年限(月)：60,,,,,,,,,,,,,,,,,,,,,,,,,,,,,,,,,,,,
020100011,试压泵,泵/风机,,,二系统办,,3DY-750/31.5,,,,,2019-03-31,020100011,16508.62,5553.34,否,,在用,原类别：泵类；使用年限(月)：60,,,,,,,,,,,,,,,,,,,,,,,,,,,,,,,,,,,,
020400007,减速器,其他,,,二系统办,,LF-47,,,,,2019-03-31,020400007,21465.52,7220.8,否,,在用,原类别：其他；使用年限(月)：60,,,,,,,,,,,,,,,,,,,,,,,,,,,,,,,,,,,,
020400008,电机,电机,,,一系统办,,Y2-225,,,,,2019-03-31,020400008,5905.17,1986.57,否,,在用,原类别：其他；使用年限(月)：60,,,,,,,,,,,,,,,,,,,,,,,,,,,,,,,,,,,,
020100012,水环真空泵泵头,泵/风机,,,二系统办,,2BE1253N,,,,,2019-03-31,020100012,48275.85,16239.93,否,,在用,原类别：泵类；使用年限(月)：60,,,,,,,,,,,,,,,,,,,,,,,,,,,,,,,,,,,,
020500004,干燥系统,其他,,,二系统办,,,,,,,2019-07-31,020500004,2880664.48,2022596.5,否,,在用,数量：1套；原类别：蒸发系统；使用年限(月)：120,,,,,,,,,,,,,,,,,,,,,,,,,,,,,,,,,,,,
020200018,工程设备螺旋输送机,其他,,,二系统办,,,,,,,2019-07-31,020200018,172212.38,120514.14,否,,在用,数量：1台；原类别：机电类；使用年限(月)：120,,,,,,,,,,,,,,,,,,,,,,,,,,,,,,,,,,,,
020200019,空气预热IQ器,锅炉/压力容器,,,二系统办,,,,,,,2019-07-31,020200019,130769.23,52255.53,否,,在用,数量：1套；原类别：机电类；使用年限(月)：60,,,,,,,,,,,,,,,,,,,,,,,,,,,,,,,,,,,,
0300011,气流提升泵输送系统,泵/风机,,,二系统办,,,,,,,2019-07-31,0300011,277225.91,110779.45,否,,在用,数量：1套；原类别：运输设备；使用年限(月)：60,,,,,,,,,,,,,,,,,,,,,,,,,,,,,,,,,,,,
020500005,震动给料机,其他,,,二系统办,,,,,,,2019-07-31,020500005,12393.16,8672.58,否,,在用,数量：配1；原类别：蒸发系统；使用年限(月)：120,,,,,,,,,,,,,,,,,,,,,,,,,,,,,,,,,,,,
020200020,蒸发自动包装线,锅炉/压力容器,,,二系统办,,,,,,,2019-07-31,020200020,558620.68,348467.76,否,,在用,数量：2套；原类别：机电类；使用年限(月)：96,,,,,,,,,,,,,,,,,,,,,,,,,,,,,,,,,,,,
020200021,振动筛,其他,,,二系统办,,,,,,,2019-07-31,020200021,99572.65,39789.15,否,,在用,数量：1台；原类别：机电类；使用年限(月)：60,,,,,,,,,,,,,,,,,,,,,,,,,,,,,,,,,,,,
020500012,冷凝器,锅炉/压力容器,,,二系统办,,,,,,,2019-07-31,020500012,33871.84,21129.3,否,,在用,数量：1台；原类别：蒸发系统；使用年限(月)：96,,,,,,,,,,,,,,,,,,,,,,,,,,,,,,,,,,,,
020200023,流程泵,泵/风机,,,二系统办,,,,,,,2019-07-31,020200023,524786.33,209704.77,否,,在用,数量：1套；原类别：机电类；使用年限(月)：60,,,,,,,,,,,,,,,,,,,,,,,,,,,,,,,,,,,,
020400024,复合硅酸盐保温板,其他,,,二系统办,,,,,,,2019-07-31,020400024,362393.17,144812.39,否,,在用,数量：1批；原类别：其他；使用年限(月)：60,,,,,,,,,,,,,,,,,,,,,,,,,,,,,,,,,,,,
020100016,冷却塔,泵/风机,,,二系统办,,,,,,,2019-07-31,020100016,55128.21,38578.83,否,,在用,数量：1套；原类别：泵类；使用年限(月)：120,,,,,,,,,,,,,,,,,,,,,,,,,,,,,,,,,,,,
020500014,预热器制作,锅炉/压力容器,,,二系统办,,1200㎡,,,,,2021-03-26,020500014,1413044.05,1235601.19,否,,在用,原类别：蒸发系统；使用年限(月)：120,,,,,,,,,,,,,,,,,,,,,,,,,,,,,,,,,,,,
020400011,电缆,其他,,,二系统办,,,,,,,2019-07-31,020400011,130305.55,91187.97,否,,在用,数量：1550米；原类别：其他；使用年限(月)：120,,,,,,,,,,,,,,,,,,,,,,,,,,,,,,,,,,,,
020400012,电缆,其他,,,二系统办,,,,,,,2019-07-31,020400012,1502782.07,1051646.83,否,,在用,数量：54985米；原类别：其他；使用年限(月)：120,,,,,,,,,,,,,,,,,,,,,,,,,,,,,,,,,,,,
0400011,制动DOS系统,其他,,,二系统办,,,,,,,2019-07-31,0400011,803727.34,329883.41,否,,在用,数量：1套；原类别：电子设备；使用年限(月)：60；包含明细：DCS系统、JX-300XP、2系统中控室、2系统蒸发、浙江中控技术股份有限公司；包含明细：雷达液位计、GDRD56-PHGPFX2BAMA-18000、精制反应桶顶部、2系统蒸发、北京古大仪表有限公司；包含明细：雷达液位计、GDGW51-PAYPABAMA-12000、2系统蒸发罐本体、2系统蒸发、北京古大仪表有限公司；包含明细：磁耦合液位计、HFL2/C/A/R6L/1.6/P/ES/N  测量范围：0-2000mm、2系统闪发桶本体、2系统蒸发、承德海富盛自动化仪表有限公司；包含明细：射频导纳开关、L2000-220VAC/L843-150mm-450mm、2系统洗涤塔本体、2系统蒸发、中美合资上海普菱柯仪器仪表有限公司；包含明细：压力变送器、EJA438E、2系统蒸发室、加热室本体、循环管、滤液桶、洗涤塔本体、2系统蒸发、重庆横河川仪有限公司；包含明细：压力变送器、EJA438E、2系统精制反应桶、精硝水桶本体、2系统蒸发、重庆横河川仪有限公司；包含明细：压力变送器、EJA530E、2系统干燥管道、2系统蒸发、重庆横河川仪有限公司；包含明细：电磁流量计、DM43NF1FT11N1W1HM、2系统蒸发干燥系统管道、2系统蒸发、承德菲时博特自动化设备有限公司；包含明细：密封水流量计、AM54031LQNSATEREPFVP DN15、2系统蒸发系统管道、2系统蒸发、承德菲时博特自动化设备有限公司；包含明细：金属管浮子流量计、AM54031LQNSNANV、2系统蒸发系统管道、2系统蒸发、承德菲时博特自动化设备有限公司；包含明细：微小密封水流量计、AM54031LQNSATEREPFVP DN15、2系统蒸发系统管道、2系统蒸发、承德菲时博特自动化设备有限公司；包含明细：平衡流量计、MBF4131121SN00+EJA110E  DN400、2系统蒸发系统管道、2系统蒸发、承德菲时博特自动化设备有限公司；包含明细：热电阻温度计、WZP-230 M27*2、2系统蒸发干燥系统本体及管道、2系统蒸发、安徽天康（集团）股份有限公司；包含明细：压力表、YNMF-100B、2系统蒸发干燥系统本体及管道、2系统蒸发、安徽天康（集团）股份有限公司,,,,,,,,,,,,,,,,,,,,,,,,,,,,,,,,,,,,
0400012,液位测量系统,其他,,,二系统办,2系统1-2效蒸发罐本体；2系统蒸发,,安徽大学特种电视技术研究中心,,,,2019-07-31,0400012,79487.18,31762.98,否,,在用,数量：1套；原类别：电子设备；使用年限(月)：60,,,,,,,,,,,,,,,,,,,,,,,,,,,,,,,,,,,,
020200024,组合风柜,其他,,,二系统办,,,,,,,2019-07-31,020200024,75728.16,52994.66,否,,在用,数量：1套；原类别：机电类；使用年限(月)：120,,,,,,,,,,,,,,,,,,,,,,,,,,,,,,,,,,,,
0400013,微机综合系统,其他,,,二系统办,,,,,,,2019-07-31,0400013,170769.24,68239.54,否,,在用,数量：1套；原类别：电子设备；使用年限(月)：60,,,,,,,,,,,,,,,,,,,,,,,,,,,,,,,,,,,,
0400014,电子设备开关柜,其他,,,二系统办,,,,,,,2019-07-31,0400014,2260395.85,1581824.91,否,,在用,数量：49台；原类别：电子设备；使用年限(月)：120,,,,,,,,,,,,,,,,,,,,,,,,,,,,,,,,,,,,
020400025,电缆,其他,,,二系统办,,,,,,,2019-07-31,020400025,77564.1,54279.22,否,,在用,数量：290米；原类别：其他；使用年限(月)：120,,,,,,,,,,,,,,,,,,,,,,,,,,,,,,,,,,,,
0400016,10KV线路保护器,其他,,,二系统办,,,,,,,2019-07-31,0400016,47008.55,32896.49,否,,在用,数量：1套；原类别：电子设备；使用年限(月)：120,,,,,,,,,,,,,,,,,,,,,,,,,,,,,,,,,,,,
020400014,变压器,其他,,,二系统办,,,,,,,2019-07-31,020400014,268376.06,187809.6,否,,在用,数量：3台；原类别：其他；使用年限(月)：120,,,,,,,,,,,,,,,,,,,,,,,,,,,,,,,,,,,,
020500006,脱硫系统,其他,,,二系统办,,,,,,,2019-07-31,020500006,396551.72,277506.84,否,,在用,数量：1套；原类别：蒸发系统；使用年限(月)：120,,,,,,,,,,,,,,,,,,,,,,,,,,,,,,,,,,,,
020400022,组合柜,其他,,,二系统办,,,,,,,2019-07-31,020400022,297692.31,208325.05,否,,在用,数量：1套；原类别：其他；使用年限(月)：120,,,,,,,,,,,,,,,,,,,,,,,,,,,,,,,,,,,,
020400023,蒸气管耐磨地坪,其他,,,二系统办,,,,,,,2019-07-31,020400023,52990.38,37082.82,否,,在用,数量：1批；原类别：其他；使用年限(月)：120,,,,,,,,,,,,,,,,,,,,,,,,,,,,,,,,,,,,
020400015,控制调节阀,阀门,,,二系统办,,,,,,,2019-07-31,020400015,841880.37,336415.39,否,,在用,数量：26台；原类别：其他；使用年限(月)：60；包含明细：单座调节阀、DN65、DN80、DN100、DN200、2系统蒸发、干燥管道、宁夏吴忠仪表有限公司；包含明细：调节角阀、DN80、DN100、2系统蒸发罐本体、宁夏吴忠仪表有限公司；包含明细：旋塞调节阀、DN65、2系统蒸发管道、浙江康赛特阀门有限公司；包含明细：电动旋塞开关阀、DN20、2系统蒸发管道、浙江康赛特阀门有限公司,,,,,,,,,,,,,,,,,,,,,,,,,,,,,,,,,,,,
020400016,均速管,其他,,,二系统办,,,,,,,2019-07-31,020400016,24700.85,9870.59,否,,在用,数量：1台；原类别：其他；使用年限(月)：60,,,,,,,,,,,,,,,,,,,,,,,,,,,,,,,,,,,,
020400017,废液处理捕沫器,其他,,,二系统办,,,,,,,2019-07-31,020400017,323931.63,202068.67,否,,在用,数量：1套；原类别：其他；使用年限(月)：96,,,,,,,,,,,,,,,,,,,,,,,,,,,,,,,,,,,,
020100017,循环泵,泵/风机,,,二系统办,,,,,,,2019-07-31,020100017,1279316.26,511214.66,否,,在用,数量：4台；原类别：泵类；使用年限(月)：60,,,,,,,,,,,,,,,,,,,,,,,,,,,,,,,,,,,,
020400018,齿轮箱、叶轮、风机、流程泵,泵/风机,,,二系统办,,,,,,,2019-07-31,020400018,2462810.76,984139.18,否,,在用,数量：120台；原类别：其他；使用年限(月)：60,,,,,,,,,,,,,,,,,,,,,,,,,,,,,,,,,,,,
020400026,板式加热器,锅炉/压力容器,,,二系统办,,,,,,,2019-07-31,020400026,465384.81,185967.77,否,,在用,数量：1套；原类别：其他；使用年限(月)：60,,,,,,,,,,,,,,,,,,,,,,,,,,,,,,,,,,,,
020500009,加热蒸发系统,锅炉/压力容器,,,二系统办,,,,,,,2019-07-31,020500009,53898174.24,38032685.97,否,,在用,数量：1套；原类别：蒸发系统；使用年限(月)：120,,,,,,,,,,,,,,,,,,,,,,,,,,,,,,,,,,,,
020500010,混合冷凝器,锅炉/压力容器,,,二系统办,,,,,,,2019-07-31,020500010,3681882.16,2576581.1,否,,在用,数量：1套；原类别：蒸发系统；使用年限(月)：120,,,,,,,,,,,,,,,,,,,,,,,,,,,,,,,,,,,,
020500011,水蒸气压缩机组,泵/风机,,,二系统办,,,,,,,2019-07-31,020500011,4381407.46,3066793.89,否,,在用,数量：1套；原类别：蒸发系统；使用年限(月)：120,,,,,,,,,,,,,,,,,,,,,,,,,,,,,,,,,,,,
020400019,硝水净化搅拌器,其他,,,二系统办,,,,,,,2019-07-31,020400019,594827.57,416260.25,否,,在用,数量：4台；原类别：其他；使用年限(月)：120,,,,,,,,,,,,,,,,,,,,,,,,,,,,,,,,,,,,
020400020,硝水净化无阀过滤器,阀门,,,二系统办,,,,,,,2019-07-31,020400020,545299.14,381600.46,否,,在用,数量：2台；原类别：其他；使用年限(月)：120,,,,,,,,,,,,,,,,,,,,,,,,,,,,,,,,,,,,
0300018,输送机,其他,,,二系统办,,,,,,,2019-07-31,0300018,229059.83,91532.13,否,,在用,数量：2台；原类别：运输设备；使用年限(月)：60,,,,,,,,,,,,,,,,,,,,,,,,,,,,,,,,,,,,
020200029,变电站10KV间隔调试,其他,,,二系统办,,,,,,,2019-07-31,020200029,101886.79,71300.21,否,,在用,数量：1批；原类别：机电类；使用年限(月)：120,,,,,,,,,,,,,,,,,,,,,,,,,,,,,,,,,,,,
0400017,视频监控,仪表,,,二系统办,2系统车间内部；2系统蒸发,,海康威视,,,,2019-07-31,0400017,82000.0,4100.0,否,,在用,数量：1套；原类别：电子设备；使用年限(月)：36,,,,,,,,,,,,,,,,,,,,,,,,,,,,,,,,,,,,
0400018,除尘器,锅炉/压力容器,,,二系统办,,,,,,,2019-07-31,0400018,4565098.06,3194655.8,否,,在用,数量：1套；原类别：电子设备；使用年限(月)：120,,,,,,,,,,,,,,,,,,,,,,,,,,,,,,,,,,,,
0400020,DCS系统扩容,仪表,,,二系统办,2系统中控室；2系统蒸发,JX-300XP,浙江中控技术股份有限公司,,,,2019-09-26,0400020,56637.17,0.0,否,,在用,数量：1批；原类别：电子设备；使用年限(月)：1,,,,,,,,,,,,,,,,,,,,,,,,,,,,,,,,,,,,
020500013,空气电加热器-改造,锅炉/压力容器,,,二系统办,,TDRQ-2000,,,,,2019-11-25,020500013,257433.63,12871.68,否,,在用,数量：1台；原类别：蒸发系统；使用年限(月)：1,,,,,,,,,,,,,,,,,,,,,,,,,,,,,,,,,,,,
00118,装岩机,其他,,,矿山车间办,,P--30B,,,,,2010-09-25,00118,143589.74,7179.49,否,,在用,原类别：其他；使用年限(月)：120,,,,,,,,,,,,,,,,,,,,,,,,,,,,,,,,,,,,
00119,空压机,泵/风机,,,矿山车间办,,E--110A,,,,,2010-09-25,00119,98717.94,4935.9,否,,在用,原类别：其他；使用年限(月)：120,,,,,,,,,,,,,,,,,,,,,,,,,,,,,,,,,,,,
00120,电动铲车,其他,,,矿山车间办,,WJ--1,,,,,2010-09-27,00120,452991.45,22649.57,否,,在用,数量：2；原类别：其他；使用年限(月)：120,,,,,,,,,,,,,,,,,,,,,,,,,,,,,,,,,,,,
00121,低压配电柜,其他,,,矿山车间办,,低压配电柜,,,,,2010-09-27,00121,12820.51,641.03,否,,在用,原类别：其他；使用年限(月)：120,,,,,,,,,,,,,,,,,,,,,,,,,,,,,,,,,,,,
00122,配电开关,其他,,,矿山车间办,,GGD2*1000A,,,,,2010-09-27,00122,15384.62,769.23,否,,在用,原类别：其他；使用年限(月)：120,,,,,,,,,,,,,,,,,,,,,,,,,,,,,,,,,,,,
00123,翻斗车,其他,,,矿山车间办,,KFV1.1-6,,,,,2010-09-27,00123,23384.62,1169.23,否,,在用,数量：1；原类别：其他；使用年限(月)：120,,,,,,,,,,,,,,,,,,,,,,,,,,,,,,,,,,,,
00124,矿车,其他,,,矿山车间办,,MGO1.1-6,,,,,2010-09-27,00124,202051.29,10102.56,否,,在用,数量：60；原类别：其他；使用年限(月)：120,,,,,,,,,,,,,,,,,,,,,,,,,,,,,,,,,,,,
00125,污水泵,泵/风机,,,矿山车间办,,WOH40-18014-37,,,,,2010-09-27,00125,8529.91,426.5,否,,在用,原类别：其他；使用年限(月)：120,,,,,,,,,,,,,,,,,,,,,,,,,,,,,,,,,,,,
00129,空压机,泵/风机,,,矿山车间办,,E--110W,,,,,2010-10-27,00129,98717.95,4935.9,否,,在用,原类别：其他；使用年限(月)：120,,,,,,,,,,,,,,,,,,,,,,,,,,,,,,,,,,,,
00130,变压器,其他,,,矿山车间办,,SJI-630KVA-1,,,,,2010-10-27,00130,90905.98,4545.3,否,,在用,原类别：机电类；使用年限(月)：120,,,,,,,,,,,,,,,,,,,,,,,,,,,,,,,,,,,,
00131,旋风机,泵/风机,,,矿山车间办,,2*11KW,,,,,2010-10-27,00131,31196.58,1559.83,否,,在用,原类别：机电类；使用年限(月)：120,,,,,,,,,,,,,,,,,,,,,,,,,,,,,,,,,,,,
00439,矿用隔电型馈用开关,其他,,,矿山车间办,,BK09-400A,,,,,2011-11-22,00439,10598.29,529.91,否,,在用,数量：2个；原类别：机电类；使用年限(月)：96,,,,,,,,,,,,,,,,,,,,,,,,,,,,,,,,,,,,
00133,皮带机,其他,,,矿山车间办,,,,,,,2010-11-29,00133,432307.69,0.0,否,,在用,数量：1套；原类别：电子设备；使用年限(月)：96,,,,,,,,,,,,,,,,,,,,,,,,,,,,,,,,,,,,
00137,矿车,其他,,,矿山车间办,,,,,,,2010-11-30,00137,270085.46,0.0,否,,在用,数量：60台；原类别：运输设备；使用年限(月)：120,,,,,,,,,,,,,,,,,,,,,,,,,,,,,,,,,,,,
00138,矿车,其他,,,矿山车间办,,P-30B,,,,,2010-11-30,00138,95726.5,0.0,否,,在用,数量：25台；原类别：运输设备；使用年限(月)：120,,,,,,,,,,,,,,,,,,,,,,,,,,,,,,,,,,,,
00162,电机车,电机,,,矿山车间办,,CTY5/6G,,,,,2011-06-28,00162,135042.74,6752.14,否,,在用,数量：1；原类别：其他；使用年限(月)：120,,,,,,,,,,,,,,,,,,,,,,,,,,,,,,,,,,,,
00173,铲车机,其他,,,矿山车间办,,WJD-1,,,,,2011-07-29,00173,468034.18,23401.71,否,,在用,数量：4；原类别：其他；使用年限(月)：120,,,,,,,,,,,,,,,,,,,,,,,,,,,,,,,,,,,,
00174,电焊机,其他,,,矿山车间办,,ZX7-400N,,,,,2011-07-29,00174,3589.74,179.49,否,,在用,原类别：机电类；使用年限(月)：120,,,,,,,,,,,,,,,,,,,,,,,,,,,,,,,,,,,,
00175,真空电开关,其他,,,矿山车间办,,KBZ9--400/660V.380,,,,,2011-07-29,00175,4877.78,243.89,否,,在用,原类别：机电类；使用年限(月)：120,,,,,,,,,,,,,,,,,,,,,,,,,,,,,,,,,,,,
00176,电机,电机,,,矿山车间办,,WON30-50-7.5,,,,,2011-08-24,00176,3716.81,185.84,否,,在用,原类别：机电类；使用年限(月)：120,,,,,,,,,,,,,,,,,,,,,,,,,,,,,,,,,,,,
00180,气腿式凿岩机,其他,,,矿山车间办,,YT128,,,,,2011-11-23,00180,30512.82,1525.64,否,,在用,数量：9台；原类别：其他；使用年限(月)：96,,,,,,,,,,,,,,,,,,,,,,,,,,,,,,,,,,,,
00181,抗冲击波密闭门,其他,,,矿山车间办,,1.8*0.9,,,,,2011-11-23,00181,28205.12,1410.26,否,,在用,数量：2套；原类别：其他；使用年限(月)：96,,,,,,,,,,,,,,,,,,,,,,,,,,,,,,,,,,,,
00188,启动柜,其他,,,矿山车间办,,,,,,,2012-02-29,00188,29059.83,1452.99,否,,在用,原类别：机电类；使用年限(月)：96,,,,,,,,,,,,,,,,,,,,,,,,,,,,,,,,,,,,
00189,电焊柜,其他,,,矿山车间办,,,,,,,2012-02-29,00189,8153.85,407.69,否,,在用,原类别：机电类；使用年限(月)：96,,,,,,,,,,,,,,,,,,,,,,,,,,,,,,,,,,,,
00190,配电柜及开关,其他,,,矿山车间办,,,,,,,2012-02-29,00190,38076.07,1903.8,否,,在用,原类别：机电类；使用年限(月)：96,,,,,,,,,,,,,,,,,,,,,,,,,,,,,,,,,,,,
00193,泵体、电联,泵/风机,,,矿山车间办,,D450-60*2,,,,,2018-08-29,00193,84482.76,4224.14,否,,在用,原类别：泵类；使用年限(月)：36,,,,,,,,,,,,,,,,,,,,,,,,,,,,,,,,,,,,
00199,污水泵,泵/风机,,,矿山车间办,,WQN200-130-2J,,,,,2012-05-28,00199,13589.75,679.49,否,,在用,原类别：泵类；使用年限(月)：96,,,,,,,,,,,,,,,,,,,,,,,,,,,,,,,,,,,,
00200,污水泵,泵/风机,,,矿山车间办,,WQ200-25-25,,,,,2012-05-28,00200,13846.15,692.31,否,,在用,原类别：泵类；使用年限(月)：96,,,,,,,,,,,,,,,,,,,,,,,,,,,,,,,,,,,,
00201,污水泵,泵/风机,,,矿山车间办,,25KW,,,,,2012-05-28,00201,6923.08,346.15,否,,在用,原类别：泵类；使用年限(月)：96,,,,,,,,,,,,,,,,,,,,,,,,,,,,,,,,,,,,
00202,电机,电机,,,矿山车间办,,YR280M,,,,,2012-05-28,00202,24786.32,1239.32,否,,在用,原类别：机电类；使用年限(月)：96,,,,,,,,,,,,,,,,,,,,,,,,,,,,,,,,,,,,
00203,4台真空泵,泵/风机,,,矿山车间办,,,,,,,2012-05-28,00203,19900.85,0.0,否,,在用,数量：4台；原类别：电子设备；使用年限(月)：96,,,,,,,,,,,,,,,,,,,,,,,,,,,,,,,,,,,,
00204,真空开关,其他,,,矿山车间办,,,,,,,2012-05-28,00204,11794.87,0.0,否,,在用,数量：1台；原类别：电子设备；使用年限(月)：96,,,,,,,,,,,,,,,,,,,,,,,,,,,,,,,,,,,,
00205,3台真空开关,其他,,,矿山车间办,,,,,,,2012-05-28,00205,14925.64,0.0,否,,在用,数量：3台；原类别：电子设备；使用年限(月)：96,,,,,,,,,,,,,,,,,,,,,,,,,,,,,,,,,,,,
00206,低压配电柜,其他,,,矿山车间办,,,,,,,2012-05-28,00206,12649.57,3907.41,否,,在用,数量：1台；原类别：电子设备；使用年限(月)：180,,,,,,,,,,,,,,,,,,,,,,,,,,,,,,,,,,,,
00207,调度绞车,其他,,,矿山车间办,,JD-25,,,,,2018-08-29,00207,44827.59,0.0,否,,在用,数量：1台；原类别：运输设备；使用年限(月)：36,,,,,,,,,,,,,,,,,,,,,,,,,,,,,,,,,,,,
00208,电机,电机,,,矿山车间办,,YT28,,,,,2012-05-30,00208,6803.42,340.17,否,,在用,数量：1台；原类别：机电类；使用年限(月)：96,,,,,,,,,,,,,,,,,,,,,,,,,,,,,,,,,,,,
00209,电机,电机,,,矿山车间办,,Y2-225M-6,,,,,2012-05-30,00209,7020.51,351.03,否,,在用,数量：1台；原类别：机电类；使用年限(月)：96,,,,,,,,,,,,,,,,,,,,,,,,,,,,,,,,,,,,
00210,电机,电机,,,矿山车间办,,Y2-315M-2,,,,,2012-05-30,00210,25413.68,1270.68,否,,在用,数量：1台；原类别：机电类；使用年限(月)：96,,,,,,,,,,,,,,,,,,,,,,,,,,,,,,,,,,,,
00211,电机,电机,,,矿山车间办,,Y2-315S-4,,,,,2012-05-30,00211,20339.32,1016.97,否,,在用,数量：1台；原类别：机电类；使用年限(月)：96,,,,,,,,,,,,,,,,,,,,,,,,,,,,,,,,,,,,
00212,电机,电机,,,矿山车间办,,Y2-280S,,,,,2012-05-30,00212,11005.13,550.26,否,,在用,数量：1台；原类别：机电类；使用年限(月)：96,,,,,,,,,,,,,,,,,,,,,,,,,,,,,,,,,,,,
00213,电机,电机,,,矿山车间办,,Y2-280M,,,,,2012-05-30,00213,12267.52,613.38,否,,在用,数量：1台；原类别：机电类；使用年限(月)：96,,,,,,,,,,,,,,,,,,,,,,,,,,,,,,,,,,,,
00214,电机,电机,,,矿山车间办,,Y2-180M,,,,,2012-05-30,00214,3639.32,181.97,否,,在用,数量：1台；原类别：机电类；使用年限(月)：96,,,,,,,,,,,,,,,,,,,,,,,,,,,,,,,,,,,,
00216,真空电开关,其他,,,矿山车间办,,KBZ9--400/660.300,,,,,2012-07-27,00216,19897.44,994.87,否,,在用,数量：1台；原类别：机电类；使用年限(月)：120,,,,,,,,,,,,,,,,,,,,,,,,,,,,,,,,,,,,
00217,液压钻,其他,,,矿山车间办,,ZDY-650,,,,,2012-08-23,00217,133333.33,6666.67,否,,在用,数量：1台；原类别：机电类；使用年限(月)：96,,,,,,,,,,,,,,,,,,,,,,,,,,,,,,,,,,,,
00218,3台凿岩机,其他,,,矿山车间办,,YT28,,,,,2012-08-29,00218,10205.13,510.26,否,,在用,数量：3台；原类别：机电类；使用年限(月)：96,,,,,,,,,,,,,,,,,,,,,,,,,,,,,,,,,,,,
00223,消音器,其他,,,矿山车间办,,RYB/350,,,,,2012-10-23,00223,341025.63,3399.04,否,,在用,数量：3套；原类别：电子设备；使用年限(月)：120,,,,,,,,,,,,,,,,,,,,,,,,,,,,,,,,,,,,
00225,真空开关,其他,,,矿山车间办,,KBZ开关,,,,,2012-10-24,00225,31888.89,1873.31,否,,在用,数量：3台；原类别：机电类；使用年限(月)：120,,,,,,,,,,,,,,,,,,,,,,,,,,,,,,,,,,,,
00226,自耦减压器,其他,,,矿山车间办,,JJI--132KW,,,,,2012-10-24,00226,17606.84,1034.13,否,,在用,数量：3台；原类别：机电类；使用年限(月)：120,,,,,,,,,,,,,,,,,,,,,,,,,,,,,,,,,,,,
00227,低压配电柜,其他,,,矿山车间办,,S11--200/10KV,,,,,2012-10-24,00227,38290.06,2248.95,否,,在用,数量：3台；原类别：机电类；使用年限(月)：120,,,,,,,,,,,,,,,,,,,,,,,,,,,,,,,,,,,,
00229,凿岩机,其他,,,矿山车间办,,YT28,,,,,2012-11-27,00229,6803.0,340.15,否,,在用,数量：1台；原类别：其他；使用年限(月)：96,,,,,,,,,,,,,,,,,,,,,,,,,,,,,,,,,,,,
00230,电铲车,其他,,,矿山车间办,,WJD-1,,,,,2012-11-27,00230,232478.63,0.0,否,,在用,数量：2台；原类别：运输设备；使用年限(月)：96,,,,,,,,,,,,,,,,,,,,,,,,,,,,,,,,,,,,
00231,矿车,其他,,,矿山车间办,,,,,,,2012-11-27,00231,143589.74,0.0,否,,在用,数量：20台；原类别：运输设备；使用年限(月)：96,,,,,,,,,,,,,,,,,,,,,,,,,,,,,,,,,,,,
00235,锚杆机,其他,,,矿山车间办,,MQT-130/2.8,,,,,2018-08-29,00235,5991.38,299.57,否,,在用,数量：1台；原类别：其他；使用年限(月)：36,,,,,,,,,,,,,,,,,,,,,,,,,,,,,,,,,,,,
00239,电动门,其他,,,矿山车间办,,12米,,,,,2012-12-26,00239,15500.0,412.59,否,,在用,数量：1套；原类别：电子设备；使用年限(月)：120,,,,,,,,,,,,,,,,,,,,,,,,,,,,,,,,,,,,
00246,真空开关,其他,,,矿山车间办,,真空开关,,,,,2013-01-25,00246,55818.8,4603.97,否,,在用,数量：1批；原类别：机电类；使用年限(月)：120,,,,,,,,,,,,,,,,,,,,,,,,,,,,,,,,,,,,
00247,监控设备,仪表,,,矿山车间办,,监控设备,,,,,2013-02-20,00247,114892.0,0.0,否,,在用,数量：1套；原类别：电子设备；使用年限(月)：96,,,,,,,,,,,,,,,,,,,,,,,,,,,,,,,,,,,,
00248,变压器一套,其他,,,矿山车间办,,,,,,,2013-02-20,00248,182881.21,7918.96,否,,在用,数量：1套；原类别：电子设备；使用年限(月)：120,,,,,,,,,,,,,,,,,,,,,,,,,,,,,,,,,,,,
00249,凿岩机6台,其他,,,矿山车间办,,,,,,,2013-02-26,00249,19897.44,994.87,否,,在用,数量：6台；原类别：机电类；使用年限(月)：96,,,,,,,,,,,,,,,,,,,,,,,,,,,,,,,,,,,,
00250,2台凿岩机,其他,,,矿山车间办,,,,,,,2013-02-26,00250,6632.48,331.62,否,,在用,数量：2台；原类别：机电类；使用年限(月)：96,,,,,,,,,,,,,,,,,,,,,,,,,,,,,,,,,,,,
00430,电热生活炉,其他,,,矿山车间办,,DRC-95/70-45KW,,,,,2018-02-28,00430,11538.46,6524.01,否,,在用,原类别：机电类；使用年限(月)：120,,,,,,,,,,,,,,,,,,,,,,,,,,,,,,,,,,,,
00254,车桶,锅炉/压力容器,,,矿山车间办,,,,,,,2013-04-22,00254,54700.85,3280.11,否,,在用,数量：20台；原类别：运输设备；使用年限(月)：120,,,,,,,,,,,,,,,,,,,,,,,,,,,,,,,,,,,,
00255,绞车,其他,,,矿山车间办,,,,,,,2013-05-22,00255,17948.72,1226.28,否,,在用,数量：1台；原类别：运输设备；使用年限(月)：120,,,,,,,,,,,,,,,,,,,,,,,,,,,,,,,,,,,,
00256,输送带,其他,,,矿山车间办,,,,,,,2013-05-22,00256,800000.0,40000.0,否,,在用,原类别：其他；使用年限(月)：96,,,,,,,,,,,,,,,,,,,,,,,,,,,,,,,,,,,,
00257,水冷硫化机,其他,,,矿山车间办,,,,,,,2013-05-27,00257,32051.28,3658.37,否,,在用,原类别：其他；使用年限(月)：120,,,,,,,,,,,,,,,,,,,,,,,,,,,,,,,,,,,,
00260,凿岩机,其他,,,矿山车间办,,凿岩机,,,,,2013-07-27,00260,9948.72,497.44,否,,在用,原类别：其他；使用年限(月)：96,,,,,,,,,,,,,,,,,,,,,,,,,,,,,,,,,,,,
00261,减速机,其他,,,矿山车间办,,减速机,,,,,2013-07-27,00261,5811.97,290.6,否,,在用,原类别：其他；使用年限(月)：96,,,,,,,,,,,,,,,,,,,,,,,,,,,,,,,,,,,,
00265,调度绞车,其他,,,矿山车间办,,JD-1  11.4KW,,,,,2013-10-21,00265,17948.72,897.44,否,,在用,数量：2台；原类别：机电类；使用年限(月)：84,,,,,,,,,,,,,,,,,,,,,,,,,,,,,,,,,,,,
00268,铲运车,其他,,,矿山车间办,,XYWJD,,,,,2014-04-29,00268,233333.33,37325.62,否,,在用,数量：2台；原类别：运输设备；使用年限(月)：120,,,,,,,,,,,,,,,,,,,,,,,,,,,,,,,,,,,,
00269,真空开关2台,其他,,,矿山车间办,,ZW8--12/T630-20,,,,,2014-04-30,00269,23076.92,3691.34,否,,在用,数量：2台；原类别：电子设备；使用年限(月)：120,,,,,,,,,,,,,,,,,,,,,,,,,,,,,,,,,,,,
00270,绞车一套,其他,,,矿山车间办,,S11-M-500KA绞车,,,,,2014-04-30,00270,88685.47,17846.41,否,,在用,数量：1套；原类别：机电类；使用年限(月)：120,,,,,,,,,,,,,,,,,,,,,,,,,,,,,,,,,,,,
00271,水泵,泵/风机,,,矿山车间办,,150D-30,,,,,2014-05-21,00271,14700.85,735.04,否,,在用,原类别：泵类；使用年限(月)：96,,,,,,,,,,,,,,,,,,,,,,,,,,,,,,,,,,,,
00272,凿岩机,其他,,,矿山车间办,,,,,,,2014-05-21,00272,19897.44,994.87,否,,在用,原类别：其他；使用年限(月)：96,,,,,,,,,,,,,,,,,,,,,,,,,,,,,,,,,,,,
00273,变压器,其他,,,矿山车间办,,变压器,,,,,2014-08-25,00273,36111.11,22172.43,否,,在用,原类别：其他；使用年限(月)：240,,,,,,,,,,,,,,,,,,,,,,,,,,,,,,,,,,,,
00274,空调一批,其他,,,矿山车间办,,,,,,,2014-09-26,00274,25899.35,21.54,否,,在用,数量：8台；原类别：电子设备；使用年限(月)：96,,,,,,,,,,,,,,,,,,,,,,,,,,,,,,,,,,,,
00277,调度绞车,其他,,,矿山车间办,,JD-1/11.4KW1台;JD-1.6/25KW2台,,,,,2015-01-26,00277,47179.49,2358.97,否,,在用,数量：2台；原类别：机电类；使用年限(月)：60,,,,,,,,,,,,,,,,,,,,,,,,,,,,,,,,,,,,
00279,主机,其他,,,矿山车间办,,4--72--16B,,,,,2015-03-25,00279,19487.18,5618.56,否,,在用,原类别：机电类；使用年限(月)：120,,,,,,,,,,,,,,,,,,,,,,,,,,,,,,,,,,,,
00280,离心泵,泵/风机,,,矿山车间办,,D450-60*6,,,,,2015-04-27,00280,126495.73,6324.79,否,,在用,原类别：泵类；使用年限(月)：60,,,,,,,,,,,,,,,,,,,,,,,,,,,,,,,,,,,,
00281,监测监控系统,仪表,,,矿山车间办,,监测监控系统,,,,,2015-06-24,00281,290598.28,80389.05,否,,在用,数量：1套；原类别：电子设备；使用年限(月)：120,,,,,,,,,,,,,,,,,,,,,,,,,,,,,,,,,,,,
00284,电机,电机,,,矿山车间办,,Y2-250M-2/55KW,,,,,2018-08-29,00284,8500.0,425.0,否,,在用,原类别：机电类；使用年限(月)：36,,,,,,,,,,,,,,,,,,,,,,,,,,,,,,,,,,,,
00287,安防器,其他,,,矿山车间办,,,,,,,2016-02-29,00287,46193.6,17341.03,否,,在用,原类别：其他；使用年限(月)：120,,,,,,,,,,,,,,,,,,,,,,,,,,,,,,,,,,,,
00291,电缆,其他,,,矿山车间办,,,,,,,2016-02-29,00291,117948.71,80824.6,否,,在用,原类别：其他；使用年限(月)：240,,,,,,,,,,,,,,,,,,,,,,,,,,,,,,,,,,,,
00293,气体检测仪,仪表,,,矿山车间办,,02CONO2,,,,,2018-08-29,00293,8741.38,0.0,否,,在用,数量：1套；原类别：电子设备；使用年限(月)：36,,,,,,,,,,,,,,,,,,,,,,,,,,,,,,,,,,,,
00294,螺杆式空压机,泵/风机,,,矿山车间办,,E110A,,,,,2016-06-28,00294,123076.92,50100.37,否,,在用,原类别：机电类；使用年限(月)：120,,,,,,,,,,,,,,,,,,,,,,,,,,,,,,,,,,,,
00295,螺杆式空压机,泵/风机,,,矿山车间办,,E-250A,,,,,2016-06-28,00295,184615.38,75150.8,否,,在用,原类别：机电类；使用年限(月)：120,,,,,,,,,,,,,,,,,,,,,,,,,,,,,,,,,,,,
00296,螺杆式空压机,泵/风机,,,矿山车间办,,E-37A,,,,,2016-06-28,00296,38119.66,15517.03,否,,在用,原类别：机电类；使用年限(月)：120,,,,,,,,,,,,,,,,,,,,,,,,,,,,,,,,,,,,
00297,螺杆式空压机,泵/风机,,,矿山车间办,,E-8A,,,,,2016-06-28,00297,14957.26,6088.76,否,,在用,原类别：机电类；使用年限(月)：120,,,,,,,,,,,,,,,,,,,,,,,,,,,,,,,,,,,,
00298,储气罐,锅炉/压力容器,,,矿山车间办,,2m/8kg,,,,,2016-08-22,00298,4700.85,1987.71,否,,在用,原类别：机电类；使用年限(月)：120,,,,,,,,,,,,,,,,,,,,,,,,,,,,,,,,,,,,
00299,螺杆式空压机,泵/风机,,,矿山车间办,,E-110W,,,,,2016-08-22,00299,94017.09,39759.63,否,,在用,原类别：机电类；使用年限(月)：120,,,,,,,,,,,,,,,,,,,,,,,,,,,,,,,,,,,,
00300,固定矿车,其他,,,矿山车间办,,,,,,,2016-12-21,00300,121025.64,55014.34,否,,在用,数量：40台；原类别：其他；使用年限(月)：120,,,,,,,,,,,,,,,,,,,,,,,,,,,,,,,,,,,,
00301,矿车、车桶,锅炉/压力容器,,,矿山车间办,,,,,,,2017-01-18,00301,116581.19,0.0,否,,在用,数量：20套；原类别：运输设备；使用年限(月)：60,,,,,,,,,,,,,,,,,,,,,,,,,,,,,,,,,,,,
00302,提升机电控系统,其他,,,矿山车间办,,185kw,,,,,2017-02-28,00302,150427.36,70760.9,否,,在用,原类别：机电类；使用年限(月)：120,,,,,,,,,,,,,,,,,,,,,,,,,,,,,,,,,,,,
00303,联想电脑,其他,,,矿山车间办,,联想电脑,,,,,2017-03-24,00303,5278.63,0.0,否,,在用,数量：2台；原类别：电子设备；使用年限(月)：60,,,,,,,,,,,,,,,,,,,,,,,,,,,,,,,,,,,,
00304,矿车,其他,,,矿山车间办,,,,,,,2017-03-24,00304,36400.0,11404.67,否,,在用,数量：10台；原类别：运输设备；使用年限(月)：96,,,,,,,,,,,,,,,,,,,,,,,,,,,,,,,,,,,,
00306,多级泵,泵/风机,,,矿山车间办,,MD450-60*2,,,,,2017-04-25,00306,83760.68,4188.03,否,,在用,原类别：泵类；使用年限(月)：60,,,,,,,,,,,,,,,,,,,,,,,,,,,,,,,,,,,,
00307,固定式矿车,其他,,,矿山车间办,,MGC1.1-6,,,,,2017-04-25,00307,133846.15,47724.91,否,,在用,数量：30套；原类别：运输设备；使用年限(月)：96,,,,,,,,,,,,,,,,,,,,,,,,,,,,,,,,,,,,
00308,调度绞车,其他,,,矿山车间办,,JD-1.6,,,,,2017-07-26,00308,66666.67,32331.22,否,,在用,数量：1套；原类别：运输设备；使用年限(月)：120,,,,,,,,,,,,,,,,,,,,,,,,,,,,,,,,,,,,
00309,调度绞车,其他,,,矿山车间办,,JD-1.6,,,,,2018-03-29,00309,42564.1,23479.88,否,,在用,数量：1套；原类别：运输设备；使用年限(月)：120,,,,,,,,,,,,,,,,,,,,,,,,,,,,,,,,,,,,
020200113,矿用隔爆型移动变电站1台,其他,,,矿山车间办,,KSBZY-500/10/(693\400V出厂接400V,,,,,2022-08-30,020200113,154867.26,153643.81,否,,在用,数量：1台；原类别：机电类；使用年限(月)：120,,,,,,,,,,,,,,,,,,,,,,,,,,,,,,,,,,,,
020100050,水泵,泵/风机,,,矿山车间办,,IS200-150-400,,,,,2022-07-28,020100050,15619.47,15372.69,否,,在用,数量：1台；原类别：泵类；使用年限(月)：120,,,,,,,,,,,,,,,,,,,,,,,,,,,,,,,,,,,,
0300001,矿车桶,锅炉/压力容器,,,矿山车间办,,旧车桶,,,,,2018-09-29,0300001,31034.48,6157.04,否,,在用,数量：20个；原类别：运输设备；使用年限(月)：60,,,,,,,,,,,,,,,,,,,,,,,,,,,,,,,,,,,,
0300002,矿车桶,锅炉/压力容器,,,矿山车间办,,,,,,,2018-09-29,0300002,71551.72,14196.04,否,,在用,数量：20套；原类别：运输设备；使用年限(月)：60,,,,,,,,,,,,,,,,,,,,,,,,,,,,,,,,,,,,
020200003,调度绞车,其他,,,矿山车间办,,JD-25,,,,,2018-10-24,020200003,22413.79,5769.21,否,,在用,数量：1台；原类别：机电类；使用年限(月)：60,,,,,,,,,,,,,,,,,,,,,,,,,,,,,,,,,,,,
020200004,调度绞车,其他,,,矿山车间办,,JD-1,,,,,2018-10-24,020200004,22413.79,5769.21,否,,在用,数量：1台；原类别：机电类；使用年限(月)：60,,,,,,,,,,,,,,,,,,,,,,,,,,,,,,,,,,,,
0300003,调度绞车,其他,,,矿山车间办,,JD-25,,,,,2018-11-28,0300003,44827.59,0.0,否,,在用,数量：2台；原类别：运输设备；使用年限(月)：36,,,,,,,,,,,,,,,,,,,,,,,,,,,,,,,,,,,,
0300004,调度绞车,其他,,,矿山车间办,,JD-1,,,,,2018-11-28,0300004,22413.79,0.0,否,,在用,数量：1台；原类别：运输设备；使用年限(月)：36,,,,,,,,,,,,,,,,,,,,,,,,,,,,,,,,,,,,
020400009,变频器,其他,,,矿山车间办,,gd200a-110g/132p-4,,,,,2019-04-28,020400009,25044.25,1252.21,否,,在用,原类别：其他；使用年限(月)：36,,,,,,,,,,,,,,,,,,,,,,,,,,,,,,,,,,,,
020400010,起动器及控制柜,其他,,,矿山车间办,,起动器XJ01-300KW BP,,,,,2019-05-29,020400010,76725.66,28234.86,否,,在用,数量：1批；原类别：其他；使用年限(月)：60,,,,,,,,,,,,,,,,,,,,,,,,,,,,,,,,,,,,
0400007,服务器,其他,,,矿山车间办,,TY-151,,,,,2019-05-29,0400007,13982.3,0.0,否,,在用,数量：6台；原类别：电子设备；使用年限(月)：36,,,,,,,,,,,,,,,,,,,,,,,,,,,,,,,,,,,,
0300007,固定式矿车,其他,,,矿山车间办,,MGC1-6,,,,,2019-05-29,0300007,80776.7,13570.3,否,,在用,数量：20个；原类别：运输设备；使用年限(月)：48,,,,,,,,,,,,,,,,,,,,,,,,,,,,,,,,,,,,
0300008,矿车桶,锅炉/压力容器,,,矿山车间办,,1600*850mm,,,,,2019-05-29,0300008,34757.28,5839.28,否,,在用,数量：20个；原类别：运输设备；使用年限(月)：48,,,,,,,,,,,,,,,,,,,,,,,,,,,,,,,,,,,,
0300009,轨道运输车,其他,,,矿山车间办,,YDBH-001型,,,,,2019-06-30,0300009,104424.78,19715.22,否,,在用,数量：20台；原类别：运输设备；使用年限(月)：48,,,,,,,,,,,,,,,,,,,,,,,,,,,,,,,,,,,,
020200016,锚固钻机,其他,,,矿山车间办,,锚固钻机,,,,,2019-06-30,020200016,6150.44,2360.42,否,,在用,数量：1台；原类别：机电类；使用年限(月)：60,,,,,,,,,,,,,,,,,,,,,,,,,,,,,,,,,,,,
020100018,变量泵,泵/风机,,,矿山车间办,,,,,,,2019-08-31,020100018,26991.15,1349.56,否,,在用,数量：1套；原类别：泵类；使用年限(月)：36,,,,,,,,,,,,,,,,,,,,,,,,,,,,,,,,,,,,
0300017,起重机,其他,,,矿山车间办,,,,,,,2019-07-31,0300017,254700.85,101778.59,否,,在用,数量：3套；原类别：运输设备；使用年限(月)：60,,,,,,,,,,,,,,,,,,,,,,,,,,,,,,,,,,,,
020200026,矿用风机,泵/风机,,,矿山车间办,,DK45-18#,,,,,2019-07-31,020200026,538461.53,215169.31,否,,在用,数量：1台；原类别：机电类；使用年限(月)：60,,,,,,,,,,,,,,,,,,,,,,,,,,,,,,,,,,,,
020200033,电机,电机,,,矿山车间办,,,,,,,2019-08-31,020200033,33982.3,1699.12,否,,在用,数量：3台；原类别：机电类；使用年限(月)：36,,,,,,,,,,,,,,,,,,,,,,,,,,,,,,,,,,,,
0300016,猴车,其他,,,矿山车间办,,,,,,,2019-07-31,0300016,264102.57,105535.41,否,,在用,数量：1套；原类别：运输设备；使用年限(月)：60,,,,,,,,,,,,,,,,,,,,,,,,,,,,,,,,,,,,
020100028,水泵,泵/风机,,,矿山车间办,,300S90,,,,,2021-04-25,020100028,60725.66,33471.94,否,,在用,原类别：泵类；使用年限(月)：36,,,,,,,,,,,,,,,,,,,,,,,,,,,,,,,,,,,,
020100029,水泵,泵/风机,,,矿山车间办,,300S90,,,,,2021-12-29,020100029,72831.86,67391.36,否,,在用,原类别：泵类；使用年限(月)：120,,,,,,,,,,,,,,,,,,,,,,,,,,,,,,,,,,,,
020200052,局部通风机 3台,泵/风机,,,矿山车间办,,FBND05.0/2*5.5  FBDN06.3/2*22,,,,,2022-03-30,020200052,55752.21,52975.77,否,,在用,数量：3台；原类别：机电类；使用年限(月)：120,,,,,,,,,,,,,,,,,,,,,,,,,,,,,,,,,,,,
020400028,板式换热器,锅炉/压力容器,,,矿山车间办,,,,,,,2019-08-31,020400028,47610.62,2380.53,否,,在用,数量：1套；原类别：其他；使用年限(月)：36,,,,,,,,,,,,,,,,,,,,,,,,,,,,,,,,,,,,
020200034,电机,电机,,,矿山车间办,,,,,,,2019-08-31,020200034,12212.39,610.62,否,,在用,数量：1台；原类别：机电类；使用年限(月)：36,,,,,,,,,,,,,,,,,,,,,,,,,,,,,,,,,,,,
0300019,矿车桶,锅炉/压力容器,,,矿山车间办,,,,,,,2019-09-25,0300019,88349.51,35233.67,否,,在用,数量：50个；原类别：运输设备；使用年限(月)：60,,,,,,,,,,,,,,,,,,,,,,,,,,,,,,,,,,,,
020400029,矿车桶,锅炉/压力容器,,,矿山车间办,,矿产桶50,,,,,2019-12-26,020400029,88349.51,11379.32,否,,在用,数量：50个；原类别：其他；使用年限(月)：36,,,,,,,,,,,,,,,,,,,,,,,,,,,,,,,,,,,,
020200042,移动变压器,其他,,,矿山车间办,,KBSGZY-800/10,,,,,2020-08-27,020200042,182460.18,110388.43,否,,在用,原类别：机电类；使用年限(月)：60,,,,,,,,,,,,,,,,,,,,,,,,,,,,,,,,,,,,
020100024,泵类变量泵,泵/风机,,,矿山车间办,,变量泵PV22,,,,,2019-12-26,020100024,26991.15,12917.97,否,,在用,数量：1套；原类别：泵类；使用年限(月)：60,,,,,,,,,,,,,,,,,,,,,,,,,,,,,,,,,,,,
020100027,多级清水离心泵,泵/风机,,,矿山车间办,,D450-60*2,,,,,2020-11-30,020100027,86725.66,56579.72,否,,在用,原类别：泵类；使用年限(月)：60,,,,,,,,,,,,,,,,,,,,,,,,,,,,,,,,,,,,
0300025,地下自卸车,其他,,,矿山车间办,,UQ-5,,,,,2021-03-26,0300025,94690.27,66226.33,否,,在用,数量：1套；原类别：运输设备；使用年限(月)：60,,,,,,,,,,,,,,,,,,,,,,,,,,,,,,,,,,,,
020200007,变频器,其他,,,运输队,,GD200-110g/132p-4,,,,,2018-11-22,020200007,25862.07,1293.1,否,,在用,原类别：机电类；使用年限(月)：36,,,,,,,,,,,,,,,,,,,,,,,,,,,,,,,,,,,,
020100003,液压二次构造柱泵,泵/风机,,,运输队,,GH10,,,,,2018-11-28,020100003,23793.1,1189.66,否,,在用,原类别：泵类；使用年限(月)：36,,,,,,,,,,,,,,,,,,,,,,,,,,,,,,,,,,,,
0300015,防爆蓄电池机车,其他,,,运输队,,CTY5-6GB/90,,,,,2019-07-31,0300015,147008.54,58744.8,否,,在用,数量：1套；原类别：运输设备；使用年限(月)：60,,,,,,,,,,,,,,,,,,,,,,,,,,,,,,,,,,,,
0300020,调度绞车3台,其他,,,运输队,,JD-1.0,,,,,2020-03-30,0300020,34513.27,18153.97,否,,在用,数量：3台；原类别：运输设备；使用年限(月)：60,,,,,,,,,,,,,,,,,,,,,,,,,,,,,,,,,,,,
0300021,调度绞车2台,其他,,,运输队,,25型,,,,,2020-03-30,0300021,44070.8,23181.2,否,,在用,数量：2台；原类别：运输设备；使用年限(月)：60,,,,,,,,,,,,,,,,,,,,,,,,,,,,,,,,,,,,
0300023,地下自卸车,其他,,,运输队,,UQ-5,,,,,2020-12-29,0300023,85840.71,35726.94,否,,在用,数量：1套；原类别：运输设备；使用年限(月)：36,,,,,,,,,,,,,,,,,,,,,,,,,,,,,,,,,,,,
0300024,矿用地下自卸车,其他,,,运输队,,195TP,,,,,2021-01-26,0300024,85840.71,38113.31,否,,在用,数量：1套；原类别：运输设备；使用年限(月)：36,,,,,,,,,,,,,,,,,,,,,,,,,,,,,,,,,,,,
020100006,变量泵,泵/风机,,,掘进队,,PV22,,,,,2019-02-28,020100006,26293.1,1314.66,否,,在用,数量：1台；原类别：泵类；使用年限(月)：36,,,,,,,,,,,,,,,,,,,,,,,,,,,,,,,,,,,,
020100007,变量马达,电机,,,掘进队,,mv32,,,,,2019-02-28,020100007,27586.21,1379.31,否,,在用,数量：1台；原类别：泵类；使用年限(月)：36,,,,,,,,,,,,,,,,,,,,,,,,,,,,,,,,,,,,
0300010,输送机,其他,,,掘进队,,,,,,,2019-07-31,0300010,176111.11,70373.83,否,,在用,数量：2套；原类别：运输设备；使用年限(月)：60,,,,,,,,,,,,,,,,,,,,,,,,,,,,,,,,,,,,
020200028,高压变频器,其他,,,掘进队,,,,,,,2019-07-31,020200028,338461.54,236855.24,否,,在用,数量：1台；原类别：机电类；使用年限(月)：120,,,,,,,,,,,,,,,,,,,,,,,,,,,,,,,,,,,,
020200044,260H 矿山全岩掘进机,其他,,,掘进队,,260H,,,,,2020-09-30,020200044,4601769.91,1582548.75,否,,在用,原类别：机电类；使用年限(月)：36,,,,,,,,,,,,,,,,,,,,,,,,,,,,,,,,,,,,
0300012,矿山输送机,其他,,,掘进铲车,,,,,,,2019-07-31,0300012,8268376.08,5157813.12,否,,在用,数量：1套；原类别：运输设备；使用年限(月)：96,,,,,,,,,,,,,,,,,,,,,,,,,,,,,,,,,,,,
020200027,电动铲运车,其他,,,掘进铲车,,3台,,,,,2019-07-31,020200027,679487.18,271522.98,否,,在用,数量：3台；原类别：机电类；使用年限(月)：60,,,,,,,,,,,,,,,,,,,,,,,,,,,,,,,,,,,,
0300013,电动铲运车,其他,,,掘进铲车,,XYWJD-1,,,,,2019-07-31,0300013,1324786.35,529384.79,否,,在用,数量：6台；原类别：运输设备；使用年限(月)：60,,,,,,,,,,,,,,,,,,,,,,,,,,,,,,,,,,,,
00313,琴台柜,其他,,,热电车间办,,SWP-D50M010,,,,,2011-06-27,00313,12839.32,3677.51,否,,在用,原类别：机电类；使用年限(月)：180,,,,,,,,,,,,,,,,,,,,,,,,,,,,,,,,,,,,
00314,减速机,其他,,,热电车间办,,DCY3500-31.5-1S/2,,,,,2011-07-26,00314,66666.67,3333.33,否,,在用,原类别：机电类；使用年限(月)：120,,,,,,,,,,,,,,,,,,,,,,,,,,,,,,,,,,,,
00316,水泵,泵/风机,,,热电车间办,,,,,,,2011-11-25,00316,468358.97,23417.95,否,,在用,原类别：泵类；使用年限(月)：96,,,,,,,,,,,,,,,,,,,,,,,,,,,,,,,,,,,,
00317,变压器,其他,,,热电车间办,,S11-M-800/10,,,,,2011-11-25,00317,63247.86,3162.39,否,,在用,原类别：其他；使用年限(月)：120,,,,,,,,,,,,,,,,,,,,,,,,,,,,,,,,,,,,
00319,变压器2台,其他,,,热电车间办,,S11-M-3150/10,,,,,2011-11-28,00319,165641.02,51812.1,否,,在用,数量：2台；原类别：其他；使用年限(月)：180,,,,,,,,,,,,,,,,,,,,,,,,,,,,,,,,,,,,
00321,变压器,其他,,,热电车间办,,S11-M-1600/10,,,,,2011-11-28,00321,93675.21,29301.29,否,,在用,原类别：其他；使用年限(月)：180,,,,,,,,,,,,,,,,,,,,,,,,,,,,,,,,,,,,
00322,框架式移动式,其他,,,热电车间办,,框架移动式,,,,,2011-11-28,00322,72079.48,3603.97,否,,在用,原类别：其他；使用年限(月)：120,,,,,,,,,,,,,,,,,,,,,,,,,,,,,,,,,,,,
00323,标准节桁架,其他,,,热电车间办,,标准节桁架,,,,,2011-11-28,00323,56125.64,2806.28,否,,在用,原类别：其他；使用年限(月)：120,,,,,,,,,,,,,,,,,,,,,,,,,,,,,,,,,,,,
00324,配电柜,其他,,,热电车间办,,配电柜,,,,,2011-11-28,00324,1528888.96,76444.45,否,,在用,原类别：其他；使用年限(月)：120,,,,,,,,,,,,,,,,,,,,,,,,,,,,,,,,,,,,
00325,环锤式破碎机,其他,,,热电车间办,,PCH-0808,,,,,2011-12-20,00325,56410.26,2820.51,否,,在用,原类别：锅炉类；使用年限(月)：120,,,,,,,,,,,,,,,,,,,,,,,,,,,,,,,,,,,,
00329,除尘器,锅炉/压力容器,,,热电车间办,,除尘器A125-100,,,,,2012-02-27,00329,94216.24,4710.81,否,,在用,原类别：锅炉类；使用年限(月)：120,,,,,,,,,,,,,,,,,,,,,,,,,,,,,,,,,,,,
00331,水处理过滤器300M/H,其他,,,热电车间办,,水处理过滤器300M/H,,,,,2012-02-27,00331,478632.5,157294.39,否,,在用,原类别：锅炉类；使用年限(月)：180,,,,,,,,,,,,,,,,,,,,,,,,,,,,,,,,,,,,
00332,电动葫芦,其他,,,热电车间办,,5T*9M,,,,,2012-02-28,00332,10760.68,538.03,否,,在用,原类别：机电类；使用年限(月)：96,,,,,,,,,,,,,,,,,,,,,,,,,,,,,,,,,,,,
00340,输送机,其他,,,热电车间办,,TB315.21.5,,,,,2012-04-23,00340,179487.18,8974.36,否,,在用,原类别：其他；使用年限(月)：120,,,,,,,,,,,,,,,,,,,,,,,,,,,,,,,,,,,,
00342,罗茨风机,泵/风机,,,热电车间办,,300,,,,,2012-04-23,00342,75213.68,3760.68,否,,在用,原类别：机电类；使用年限(月)：120,,,,,,,,,,,,,,,,,,,,,,,,,,,,,,,,,,,,
00343,气力提升机,其他,,,热电车间办,,TL120,,,,,2012-04-23,00343,60683.76,3034.19,否,,在用,原类别：机电类；使用年限(月)：120,,,,,,,,,,,,,,,,,,,,,,,,,,,,,,,,,,,,
00344,除尘器,锅炉/压力容器,,,热电车间办,,MC-2-120,,,,,2012-04-23,00344,67521.37,3376.07,否,,在用,原类别：机电类；使用年限(月)：120,,,,,,,,,,,,,,,,,,,,,,,,,,,,,,,,,,,,
00345,KB-2/10变压器,其他,,,热电车间办,,KB-2/10变压器,,,,,2012-04-26,00345,17948.72,897.44,否,,在用,原类别：机电类；使用年限(月)：120,,,,,,,,,,,,,,,,,,,,,,,,,,,,,,,,,,,,
00346,海信电脑和显示器,仪表,,,热电车间办,热电锅炉控制室；锅炉,海信电脑和5显示器,中国戴尔有限公司,,,,2012-04-26,00346,18726.5,0.0,否,,在用,数量：5套；原类别：电子设备；使用年限(月)：120,,,,,,,,,,,,,,,,,,,,,,,,,,,,,,,,,,,,
00347,电力液压器,其他,,,热电车间办,,YT1-125,,,,,2012-05-28,00347,1581.2,79.06,否,,在用,原类别：机电类；使用年限(月)：96,,,,,,,,,,,,,,,,,,,,,,,,,,,,,,,,,,,,
00348,防爆真空开关,其他,,,热电车间办,,,,,,,2012-05-28,00348,2576.07,128.8,否,,在用,原类别：机电类；使用年限(月)：96,,,,,,,,,,,,,,,,,,,,,,,,,,,,,,,,,,,,
00349,10KW高压装置,其他,,,热电车间办,,,,,,,2012-05-28,00349,34017.09,17250.91,否,,在用,原类别：机电类；使用年限(月)：240,,,,,,,,,,,,,,,,,,,,,,,,,,,,,,,,,,,,
00351,引风机,泵/风机,,,热电车间办,,,,,,,2012-05-29,00351,67521.37,3376.07,否,,在用,原类别：机电类；使用年限(月)：120,,,,,,,,,,,,,,,,,,,,,,,,,,,,,,,,,,,,
00352,返料风机,泵/风机,,,热电车间办,,,,,,,2012-05-29,00352,16239.32,811.97,否,,在用,原类别：机电类；使用年限(月)：120,,,,,,,,,,,,,,,,,,,,,,,,,,,,,,,,,,,,
00353,变频控制器,仪表,,,热电车间办,,E5--P4T22,,,,,2012-06-22,00353,48717.95,2435.9,否,,在用,原类别：其他；使用年限(月)：120,,,,,,,,,,,,,,,,,,,,,,,,,,,,,,,,,,,,
00358,高压互感器,其他,,,热电车间办,,,,,,,2012-06-25,00358,4957.26,247.86,否,,在用,原类别：机电类；使用年限(月)：120,,,,,,,,,,,,,,,,,,,,,,,,,,,,,,,,,,,,
00359,焊机,其他,,,热电车间办,,1100W,,,,,2012-07-26,00359,3632.48,181.62,否,,在用,原类别：机电类；使用年限(月)：120,,,,,,,,,,,,,,,,,,,,,,,,,,,,,,,,,,,,
00360,除垢器,其他,,,热电车间办,,DLDC,,,,,2012-08-23,00360,3076.92,153.85,否,,在用,原类别：机电类；使用年限(月)：96,,,,,,,,,,,,,,,,,,,,,,,,,,,,,,,,,,,,
00362,烟气数据采集仪,仪表,,,热电车间办,热电在线监控控制室；燃运,HLT-D10,北京万维盈创科技发展有限公司,,,,2012-10-23,00362,11111.11,111.03,否,,在用,数量：1套；原类别：电子设备；使用年限(月)：120,,,,,,,,,,,,,,,,,,,,,,,,,,,,,,,,,,,,
00363,电缆,其他,,,热电车间办,,KVV450/750V,,,,,2012-10-23,00363,13723.08,136.78,否,,在用,数量：1批；原类别：电子设备；使用年限(月)：120,,,,,,,,,,,,,,,,,,,,,,,,,,,,,,,,,,,,
00364,软启动开关,其他,,,热电车间办,,开关,,,,,2012-10-24,00364,53846.15,3162.93,否,,在用,原类别：机电类；使用年限(月)：120,,,,,,,,,,,,,,,,,,,,,,,,,,,,,,,,,,,,
00365,烟气排放监测系统,仪表,,,热电车间办,热电在线监控控制室；无该设备,YSB,,,,,2012-11-27,00365,241880.34,0.0,否,,在用,数量：1套；原类别：电子设备；使用年限(月)：96,,,,,,,,,,,,,,,,,,,,,,,,,,,,,,,,,,,,
00628,SNCR脱销系统,其他,,,热电车间办,热电除尘；除尘,SNCR脱销系统,成都宏锦环保有限公司,,,,2017-07-21,00628,341880.36,174353.56,否,,在用,原类别：其他；使用年限(月)：120,,,,,,,,,,,,,,,,,,,,,,,,,,,,,,,,,,,,
00366,锅炉给水泵,泵/风机,,,热电车间办,,DG155-67*9,,,,,2012-11-27,00366,33333.33,1666.67,否,,在用,原类别：泵类；使用年限(月)：96,,,,,,,,,,,,,,,,,,,,,,,,,,,,,,,,,,,,
00315,75T锅炉四管喷涂,锅炉/压力容器,,,热电车间办,,,,,,,2011-09-23,00315,134990.29,45787.04,否,,在用,数量：1批；原类别：锅炉类；使用年限(月)：180,,,,,,,,,,,,,,,,,,,,,,,,,,,,,,,,,,,,
00136,汽轮机,其他,,,热电车间办,,B6-3.43/0.49,,,,,2010-11-30,00136,3726495.72,1702884.41,否,,在用,原类别：汽轮机类；使用年限(月)：240,,,,,,,,,,,,,,,,,,,,,,,,,,,,,,,,,,,,
00370,钢煤斗,其他,,,热电车间办,,Q235B,,,,,2012-12-24,00370,49931.62,2496.58,否,,在用,原类别：锅炉类；使用年限(月)：96,,,,,,,,,,,,,,,,,,,,,,,,,,,,,,,,,,,,
00371,罐顶增加风筒,锅炉/压力容器,,,热电车间办,,1.15*1.56*6,,,,,2012-12-24,00371,27008.55,1350.43,否,,在用,原类别：锅炉类；使用年限(月)：96,,,,,,,,,,,,,,,,,,,,,,,,,,,,,,,,,,,,
00376,煤孔漏斗,其他,,,热电车间办,,2800*2700*4,,,,,2012-12-24,00376,21743.59,1087.18,否,,在用,原类别：锅炉类；使用年限(月)：96,,,,,,,,,,,,,,,,,,,,,,,,,,,,,,,,,,,,
00384,单梁行车.,其他,,,热电车间办,,5T*16.5M,,,,,2013-01-30,00384,182051.28,98087.45,否,,在用,数量：1；原类别：其他；使用年限(月)：240,,,,,,,,,,,,,,,,,,,,,,,,,,,,,,,,,,,,
00385,单梁行车,其他,,,热电车间办,,16T*10.5M,,,,,2013-01-30,00385,47863.25,25788.38,否,,在用,数量：1；原类别：其他；使用年限(月)：240,,,,,,,,,,,,,,,,,,,,,,,,,,,,,,,,,,,,
00386,电动阀,阀门,,,热电车间办,热电给水管道、减温水管道；锅炉,J94111-25 DN150；QW180J-0.75ZT,杭州贝斯特阀门有限公司,,,,2013-02-20,00386,39316.24,1965.81,否,,在用,原类别：机电类；使用年限(月)：96,,,,,,,,,,,,,,,,,,,,,,,,,,,,,,,,,,,,
00387,德尔塔巴,锅炉/压力容器,,,热电车间办,锅炉、减温减压、汽轮机管道；锅炉,,成都万美特自动化系统有限公司,,,,2013-02-20,00387,139316.25,6965.81,否,,在用,原类别：其他；使用年限(月)：96,,,,,,,,,,,,,,,,,,,,,,,,,,,,,,,,,,,,
00388,手动起重机,其他,,,热电车间办,,,,,,,2013-02-20,00388,39572.65,3577.79,否,,在用,原类别：锅炉类；使用年限(月)：120,,,,,,,,,,,,,,,,,,,,,,,,,,,,,,,,,,,,
00389,热电输煤系统,其他,,,热电车间办,,,,,,,2013-02-20,00389,277264.96,13863.25,否,,在用,原类别：锅炉类；使用年限(月)：96,,,,,,,,,,,,,,,,,,,,,,,,,,,,,,,,,,,,
00390,氮氧化物转换器,其他,,,热电车间办,,NOX-100,,,,,2013-04-22,00390,29914.53,3178.37,否,,在用,原类别：其他；使用年限(月)：120,,,,,,,,,,,,,,,,,,,,,,,,,,,,,,,,,,,,
00393,锅炉,锅炉/压力容器,,,热电车间办,,,,,,,2013-06-27,00393,220000.0,26854.46,否,,在用,原类别：锅炉类；使用年限(月)：120,,,,,,,,,,,,,,,,,,,,,,,,,,,,,,,,,,,,
00396,无填料水分散冷水塔,锅炉/压力容器,,,热电车间办,,WSFL200,,,,,2013-07-26,00396,47008.55,2350.43,否,,在用,原类别：泵类；使用年限(月)：96,,,,,,,,,,,,,,,,,,,,,,,,,,,,,,,,,,,,
00355,气力输灰系统,其他,,,热电车间办,,,,,,,2012-06-25,00355,871794.87,43589.74,否,,在用,原类别：锅炉类；使用年限(月)：120,,,,,,,,,,,,,,,,,,,,,,,,,,,,,,,,,,,,
00356,布袋除尘器,锅炉/压力容器,,,热电车间办,,HMC-32,,,,,2012-06-25,00356,76923.08,3846.15,否,,在用,原类别：锅炉类；使用年限(月)：120,,,,,,,,,,,,,,,,,,,,,,,,,,,,,,,,,,,,
00399,锅炉,锅炉/压力容器,,,热电车间办,,锅炉,,,,,2013-12-25,00399,9394537.24,4178166.99,否,,在用,原类别：锅炉类；使用年限(月)：180,,,,,,,,,,,,,,,,,,,,,,,,,,,,,,,,,,,,
00400,热电除尘脱硫系统,其他,,,热电车间办,,热电除尘脱硫系统,,,,,2013-12-25,00400,5720685.33,286034.27,否,,在用,原类别：机电类；使用年限(月)：96,,,,,,,,,,,,,,,,,,,,,,,,,,,,,,,,,,,,
00405,控制器,仪表,,,热电车间办,,HPCS400,,,,,2014-04-21,00405,34188.04,5469.0,否,,在用,数量：1套；原类别：电子设备；使用年限(月)：120,,,,,,,,,,,,,,,,,,,,,,,,,,,,,,,,,,,,
00406,电弧喷涂,其他,,,热电车间办,,75/TCFB,,,,,2014-07-17,00406,67495.14,3374.76,否,,在用,原类别：锅炉类；使用年限(月)：60,,,,,,,,,,,,,,,,,,,,,,,,,,,,,,,,,,,,
00407,水泵和油泵,泵/风机,,,热电车间办,,,,,,,2014-08-28,00407,86239.31,20085.06,否,,在用,原类别：泵类；使用年限(月)：120,,,,,,,,,,,,,,,,,,,,,,,,,,,,,,,,,,,,
00408,格力空调,其他,,,热电车间办,,格力空调,,,,,2014-09-24,00408,8300.0,0.0,否,,在用,数量：3台；原类别：电子设备；使用年限(月)：60,,,,,,,,,,,,,,,,,,,,,,,,,,,,,,,,,,,,
00409,SNCR脱硝系统,其他,,,热电车间办,,SNCR,,,,,2015-01-26,00409,264957.27,136017.27,否,,在用,原类别：锅炉类；使用年限(月)：180,,,,,,,,,,,,,,,,,,,,,,,,,,,,,,,,,,,,
00410,脱硝设备,其他,,,热电车间办,,SNCR脱销,,,,,2015-02-14,00410,307692.32,86276.79,否,,在用,原类别：锅炉类；使用年限(月)：120,,,,,,,,,,,,,,,,,,,,,,,,,,,,,,,,,,,,
00411,水洗除尘,其他,,,热电车间办,,CLT2800,,,,,2015-02-28,00411,83760.68,43441.17,否,,在用,原类别：锅炉类；使用年限(月)：180,,,,,,,,,,,,,,,,,,,,,,,,,,,,,,,,,,,,
00412,风机,泵/风机,,,热电车间办,,,,,,,2015-03-25,00412,2393.16,689.62,否,,在用,原类别：机电类；使用年限(月)：120,,,,,,,,,,,,,,,,,,,,,,,,,,,,,,,,,,,,
00421,全密封变压器,其他,,,热电车间办,,S11-3-500/160KVA,,,,,2016-03-26,00421,47863.25,18346.69,否,,在用,数量：2台；原类别：机电类；使用年限(月)：120,,,,,,,,,,,,,,,,,,,,,,,,,,,,,,,,,,,,
00422,双击式破碎机,其他,,,热电车间办,,800*900,,,,,2016-09-26,00422,67316.24,29000.88,否,,在用,数量：1台；原类别：机电类；使用年限(月)：120,,,,,,,,,,,,,,,,,,,,,,,,,,,,,,,,,,,,
00424,锅炉水冷壁喷涂,锅炉/压力容器,,,热电车间办,,75t/h,,,,,2017-02-28,00424,168737.86,79374.27,否,,在用,原类别：锅炉类；使用年限(月)：120,,,,,,,,,,,,,,,,,,,,,,,,,,,,,,,,,,,,
020300005,锅炉筑炉,锅炉/压力容器,,,热电车间办,,,,,,,2022-06-21,020300005,924475.66,807437.05,否,,在用,原类别：锅炉类；使用年限(月)：23,,,,,,,,,,,,,,,,,,,,,,,,,,,,,,,,,,,,
020300002,水冷式滚筒冷渣机,锅炉/压力容器,,,热电车间办,,DG-08,,,,,2018-11-28,020300002,134482.76,6724.14,否,,在用,原类别：锅炉类；使用年限(月)：36,,,,,,,,,,,,,,,,,,,,,,,,,,,,,,,,,,,,
020100008,耐磨泵,泵/风机,,,热电车间办,,50-vhb-vf-30-15/4KW,,,,,2019-02-28,020100008,5603.45,280.17,否,,在用,数量：1台；原类别：泵类；使用年限(月)：36,,,,,,,,,,,,,,,,,,,,,,,,,,,,,,,,,,,,
00425,变压器,其他,,,热电车间办,,S11-M-500KVA 10KV/0.4KV,,,,,2017-07-27,00425,37179.49,1858.97,否,,在用,原类别：其他；使用年限(月)：60,,,,,,,,,,,,,,,,,,,,,,,,,,,,,,,,,,,,
00426,空调,其他,,,热电车间办,,KFR-120LW,,,,,2017-08-30,00426,8499.43,424.97,否,,在用,原类别：其他；使用年限(月)：60,,,,,,,,,,,,,,,,,,,,,,,,,,,,,,,,,,,,
00427,锅炉类,锅炉/压力容器,,,热电车间办,,,,,,,2017-09-30,00427,392055.34,206149.11,否,,在用,原类别：锅炉类；使用年限(月)：120,,,,,,,,,,,,,,,,,,,,,,,,,,,,,,,,,,,,
020100004,耐腐耐磨泵（带电机）,电机,,,热电车间办,,BOUHB-ZK-50-56/30KW -4,,,,,2018-11-28,020100004,23965.52,1198.28,否,,在用,原类别：泵类；使用年限(月)：36,,,,,,,,,,,,,,,,,,,,,,,,,,,,,,,,,,,,
020100030,多级锅炉给水泵,泵/风机,,,热电车间办,,DG155-67*9,,,,,2022-06-21,020100030,16416.29,14362.61,否,,在用,原类别：泵类；使用年限(月)：24,,,,,,,,,,,,,,,,,,,,,,,,,,,,,,,,,,,,
00433,振动筛,其他,,,热电车间办,,ZD1224,,,,,2018-08-30,00433,38000.0,8580.4,否,,在用,原类别：锅炉类；使用年限(月)：60,,,,,,,,,,,,,,,,,,,,,,,,,,,,,,,,,,,,
00428,蛇形管,其他,,,热电车间办,,99G51-1-0,,,,,2017-10-27,00428,492051.26,262624.36,否,,在用,原类别：锅炉类；使用年限(月)：120,,,,,,,,,,,,,,,,,,,,,,,,,,,,,,,,,,,,
00429,烟气脱硫监测系统,仪表,,,热电车间办,热电在线监控控制室；燃运,CM-CEMS-8000,杭州泽天科技有限公司（只1套）,,,,2017-12-20,00429,165048.55,67185.97,否,,在用,数量：2套；原类别：电子设备；使用年限(月)：96,,,,,,,,,,,,,,,,,,,,,,,,,,,,,,,,,,,,
00432,罗茨鼓风机,泵/风机,,,热电车间办,,JFSR125-7.5KW,,,,,2018-06-28,00432,14224.14,2761.44,否,,在用,原类别：机电类；使用年限(月)：60,,,,,,,,,,,,,,,,,,,,,,,,,,,,,,,,,,,,
0300005,减速机,其他,,,热电车间办,,BLD4-29-(7.5KW),,,,,2018-12-21,0300005,16293.1,0.0,否,,在用,原类别：运输设备；使用年限(月)：36,,,,,,,,,,,,,,,,,,,,,,,,,,,,,,,,,,,,
020300004,电除尘器,锅炉/压力容器,,,热电车间办,,WDJ77-4/1,,,,,2022-06-21,020300004,299978.85,218174.61,否,,在用,原类别：锅炉类；使用年限(月)：11,,,,,,,,,,,,,,,,,,,,,,,,,,,,,,,,,,,,
020300006,热力除氧器2台,锅炉/压力容器,,,热电车间办,,75吨/小时,,,,,2022-06-21,020300006,140310.74,130040.0,否,,在用,数量：2台；原类别：锅炉类；使用年限(月)：41,,,,,,,,,,,,,,,,,,,,,,,,,,,,,,,,,,,,
020300007,75T/H循环流化床，UG-75/3.82-M41,其他,,,热电车间办,,UG-75/3.82-M41,,,,,2022-06-21,020300007,1975710.93,1893916.5,否,,在用,原类别：锅炉类；使用年限(月)：69,,,,,,,,,,,,,,,,,,,,,,,,,,,,,,,,,,,,
020100019,超高效节能取水泵-江边取供水节能研究,泵/风机,,,热电车间办,,TKJN250-22,,,,,2019-11-30,020100019,30619.47,1530.97,否,,在用,数量：1台；原类别：泵类；使用年限(月)：1,,,,,,,,,,,,,,,,,,,,,,,,,,,,,,,,,,,,
020100020,超高效节能取水泵-江边取供水节能研究,泵/风机,,,热电车间办,,TKJN360-280,,,,,2019-11-30,020100020,109380.54,5469.03,否,,在用,数量：2台；原类别：泵类；使用年限(月)：1,,,,,,,,,,,,,,,,,,,,,,,,,,,,,,,,,,,,
020100021,插入式流量计-江边取供水节能研究,仪表,,,热电车间办,江边取水管道；取水站,DN300mm/304,成都德立斯曼仪器仪表有限公司,,,,2019-11-30,020100021,3097.35,154.87,否,,在用,数量：1套；原类别：泵类；使用年限(月)：1,,,,,,,,,,,,,,,,,,,,,,,,,,,,,,,,,,,,
00008,电脑,其他,,,财务科,,电脑,,,,,2010-10-25,00008,6150.0,0.0,否,,在用,数量：1台；原类别：电子设备；使用年限(月)：120,,,,,,,,,,,,,,,,,,,,,,,,,,,,,,,,,,,,
00009,联想服务器,其他,,,财务科,,TS560(2条内存3个硬盘）,,,,,2018-08-28,00009,12068.97,0.0,否,,在用,数量：4台；原类别：电子设备；使用年限(月)：36,,,,,,,,,,,,,,,,,,,,,,,,,,,,,,,,,,,,
00013,复印机,其他,,,财务科,,复印机,,,,,2013-02-26,00013,5367.52,232.39,否,,在用,数量：1台；原类别：电子设备；使用年限(月)：120,,,,,,,,,,,,,,,,,,,,,,,,,,,,,,,,,,,,
00014,电脑,其他,,,财务科,,联想电脑,,,,,2013-04-25,00014,3675.21,0.0,否,,在用,数量：1台；原类别：电子设备；使用年限(月)：96,,,,,,,,,,,,,,,,,,,,,,,,,,,,,,,,,,,,
00015,空调,其他,,,财务科,,格力,,,,,2013-06-26,00015,3229.0,0.0,否,,在用,数量：1台；原类别：电子设备；使用年限(月)：96,,,,,,,,,,,,,,,,,,,,,,,,,,,,,,,,,,,,
00018,联想笔记本,其他,,,财务科,,,,,,,2015-07-24,00018,4102.56,0.0,否,,在用,数量：1台；原类别：电子设备；使用年限(月)：60,,,,,,,,,,,,,,,,,,,,,,,,,,,,,,,,,,,,
00019,台式机电脑,其他,,,财务科,,雷暴NESOR,,,,,2016-10-31,00019,6379.4,318.97,否,,在用,数量：2台；原类别：电子设备；使用年限(月)：36,,,,,,,,,,,,,,,,,,,,,,,,,,,,,,,,,,,,
00020,惠普复印机,其他,,,财务科,,M436nda,,,,,2017-05-31,00020,7477.78,373.89,否,,在用,数量：1台；原类别：其他；使用年限(月)：60,,,,,,,,,,,,,,,,,,,,,,,,,,,,,,,,,,,,
00021,联想天逸天逸510Pro商用天晟电脑整机2台,其他,,,财务科,,天逸510Pro,,,,,2018-08-30,00021,8101.72,0.0,否,,在用,数量：2台；原类别：电子设备；使用年限(月)：36,,,,,,,,,,,,,,,,,,,,,,,,,,,,,,,,,,,,
0400021,笔记本电脑,其他,,,财务科,,,,,,,2019-12-25,0400021,4867.26,402.03,否,,在用,数量：1台；原类别：电子设备；使用年限(月)：36,,,,,,,,,,,,,,,,,,,,,,,,,,,,,,,,,,,,
00647,经纬仪,其他,,,总工办,矿山,JWY,广东科力达仪器有限公司,,,,2011-06-28,00647,21230.77,1061.54,否,,在用,原类别：其他；使用年限(月)：120,,,,,,,,,,,,,,,,,,,,,,,,,,,,,,,,,,,,
00650,格力空调KFR-120W/SP09-3,其他,,,总工办,,KFR-120W/SP09-3,,,,,2018-07-30,00650,8500.0,1784.72,否,,在用,原类别：其他；使用年限(月)：60,,,,,,,,,,,,,,,,,,,,,,,,,,,,,,,,,,,,
0400003,富士施乐复印机（含机柜）,其他,,,总工办,,S2520NDA,,,,,2018-10-26,0400003,8349.51,0.0,否,,在用,数量：1台；原类别：电子设备；使用年限(月)：36,,,,,,,,,,,,,,,,,,,,,,,,,,,,,,,,,,,,
01174,电动单梁起重机,其他,,,生产科,,电动单梁起重机,,,,,2015-06-24,01174,82051.29,22697.94,否,,在用,数量：1台；原类别：运输设备；使用年限(月)：120,,,,,,,,,,,,,,,,,,,,,,,,,,,,,,,,,,,,
020200037,变压器整流器,其他,,,生产科,,变压器整流器,,,,,2020-01-19,020200037,8495.58,424.78,否,,在用,数量：1套；原类别：机电类；使用年限(月)：3,,,,,,,,,,,,,,,,,,,,,,,,,,,,,,,,,,,,
01185,硝仓运硝系统,其他,,,物流部,,,,,,,2013-02-20,01185,165815.38,0.0,否,,在用,数量：1套；原类别：电子设备；使用年限(月)：96,,,,,,,,,,,,,,,,,,,,,,,,,,,,,,,,,,,,
01189,惠普笔记本电脑,其他,,,物流部,,,,,,,2014-11-26,01189,4200.0,916.86,否,,在用,数量：1台；原类别：电子设备；使用年限(月)：120,,,,,,,,,,,,,,,,,,,,,,,,,,,,,,,,,,,,
01191,移动式登车桥,其他,,,物流部,,YDCQ-B10T,,,,,2015-02-28,01191,39145.3,11280.94,否,,在用,数量：2台；原类别：运输设备；使用年限(月)：120,,,,,,,,,,,,,,,,,,,,,,,,,,,,,,,,,,,,
01194,电脑,其他,,,物流部,硝仓库房,,,,,,2015-05-27,01194,4700.0,1260.88,否,,在用,数量：2台；原类别：电子设备；使用年限(月)：120,,,,,,,,,,,,,,,,,,,,,,,,,,,,,,,,,,,,
01196,叉车,其他,,,物流部,,cpc3T三级4.5米门架,,,,,2016-08-26,01196,59829.06,0.0,否,,在用,数量：2台；原类别：运输设备；使用年限(月)：60,,,,,,,,,,,,,,,,,,,,,,,,,,,,,,,,,,,,
0400029,空调 2台,其他,,,物流部,,3P天花机,,,,,2021-07-22,0400029,13760.0,8404.58,否,,在用,数量：2台；原类别：电子设备；使用年限(月)：36,,,,,,,,,,,,,,,,,,,,,,,,,,,,,,,,,,,,
020400027,加油设备,其他,,,物流部,,,,,,,2019-07-31,020400027,119658.12,47815.32,否,,在用,数量：1套；原类别：其他；使用年限(月)：60,,,,,,,,,,,,,,,,,,,,,,,,,,,,,,,,,,,,
01569,空调,其他,,,质检科,,小天鹅,,,,,2012-06-25,01569,6540.0,0.0,否,,在用,数量：2台；原类别：电子设备；使用年限(月)：96,,,,,,,,,,,,,,,,,,,,,,,,,,,,,,,,,,,,
01572,显微颗粒图像分析仪,仪表,,,质检科,质检科办公室；质检科,JX-2000A型,重庆奥特光学仪器有限公司,,,,2015-08-25,01572,13675.22,4484.39,否,,在用,原类别：其他；使用年限(月)：120,,,,,,,,,,,,,,,,,,,,,,,,,,,,,,,,,,,,
00590,干法激光粒度仪,仪表,,,质检科,细粉车间；质检科,JL-1178,成都精新粉体测试设备有限公司,,,,2015-08-25,00590,74358.96,24381.92,否,,在用,原类别：其他；使用年限(月)：120,,,,,,,,,,,,,,,,,,,,,,,,,,,,,,,,,,,,
0300006,输送斜槽,其他,,,销售部,,xz400-15米,,,,,2019-01-29,0300006,69827.59,0.0,否,,在用,数量：1套；原类别：运输设备；使用年限(月)：36,,,,,,,,,,,,,,,,,,,,,,,,,,,,,,,,,,,,
0400024,联想电脑2台,其他,,,销售部,,扬天T4900*21.5,,,,,2020-05-27,0400024,7801.98,2034.82,否,,在用,数量：2台；原类别：电子设备；使用年限(月)：36,,,,,,,,,,,,,,,,,,,,,,,,,,,,,,,,,,,,
020400032,小天鹅空调,其他,,,厂办室,,KFR-35GW,,,,,2020-04-28,020400032,2600.0,609.44,否,,在用,原类别：其他；使用年限(月)：36,,,,,,,,,,,,,,,,,,,,,,,,,,,,,,,,,,,,
0400022,惠普笔记本电脑,其他,,,厂办室,,zbook系列15ug6-73董事长/总经理,,,,,2019-12-31,0400022,11503.54,950.14,否,,在用,数量：2台；原类别：电子设备；使用年限(月)：36,,,,,,,,,,,,,,,,,,,,,,,,,,,,,,,,,,,,
0400023,监控设备,仪表,,,厂办室,,,,,,,2020-01-22,0400023,13432.04,1482.92,否,,在用,数量：1套；原类别：电子设备；使用年限(月)：36,,,,,,,,,,,,,,,,,,,,,,,,,,,,,,,,,,,,
0400001,桥式摆闸,其他,,,厂办室,,电动摆闸道（厂大门用）,,,,,2018-09-29,0400001,11600.0,0.0,否,,在用,数量：1套；原类别：电子设备；使用年限(月)：36,,,,,,,,,,,,,,,,,,,,,,,,,,,,,,,,,,,,
0400002,全自动电动驾驶式扫地车,其他,,,厂办室,,瑞清S8,,,,,2018-09-29,0400002,59482.76,0.0,否,,在用,数量：1台；原类别：电子设备；使用年限(月)：36,,,,,,,,,,,,,,,,,,,,,,,,,,,,,,,,,,,,
00003,录像机,其他,,,厂办室,厂办室,录像机,海康威视,,,,2012-04-25,00003,9264.96,463.25,否,,在用,数量：1台；原类别：电子设备；使用年限(月)：120,,,,,,,,,,,,,,,,,,,,,,,,,,,,,,,,,,,,
020400001,空调,其他,,,厂办室,,,,,,,2018-10-18,020400001,2100.0,105.0,否,,在用,原类别：其他；使用年限(月)：10,,,,,,,,,,,,,,,,,,,,,,,,,,,,,,,,,,,,
0400004,插入式电磁流量计,仪表,,,厂办室,江边取水管道；取水站,DMLD-250,成都德立斯曼仪器仪表有限公司,,,,2018-11-21,0400004,3275.86,0.0,否,,在用,数量：1套；原类别：电子设备；使用年限(月)：36,,,,,,,,,,,,,,,,,,,,,,,,,,,,,,,,,,,,
0400005,惠普电脑4台打印机1台,其他,,,厂办室,,,,,,,2018-11-21,0400005,19600.0,0.0,否,,在用,数量：4台；原类别：电子设备；使用年限(月)：36,,,,,,,,,,,,,,,,,,,,,,,,,,,,,,,,,,,,
0400025,美的空调 2台,其他,,,厂办室,,KFR-120LW/SDY-PA400(D3),,,,,2020-07-17,0400025,18990.0,5264.08,否,,在用,数量：2台；原类别：电子设备；使用年限(月)：36,,,,,,,,,,,,,,,,,,,,,,,,,,,,,,,,,,,,
00051,空调,其他,,,厂办室,,KFR-72LW,,,,,2018-08-28,00051,5698.01,284.9,否,,在用,数量：2台；原类别：机电类；使用年限(月)：36,,,,,,,,,,,,,,,,,,,,,,,,,,,,,,,,,,,,
00058,空调,其他,,,厂办室,,大1.5P,,,,,2012-08-29,00058,6230.0,0.0,否,,在用,数量：1台；原类别：电子设备；使用年限(月)：120,,,,,,,,,,,,,,,,,,,,,,,,,,,,,,,,,,,,
00059,24台空调,其他,,,厂办室,,,,,,,2012-09-25,00059,125715.62,0.0,否,,在用,数量：24台；原类别：电子设备；使用年限(月)：96,,,,,,,,,,,,,,,,,,,,,,,,,,,,,,,,,,,,
00062,美的空调1.5P,其他,,,厂办室,,3-2550,,,,,2013-01-26,00062,7722.0,0.0,否,,在用,数量：2台；原类别：电子设备；使用年限(月)：96,,,,,,,,,,,,,,,,,,,,,,,,,,,,,,,,,,,,
00064,监控设备,仪表,,,厂办室,,,,,,,2014-02-24,00064,18900.0,2708.37,否,,在用,数量：1套；原类别：电子设备；使用年限(月)：120,,,,,,,,,,,,,,,,,,,,,,,,,,,,,,,,,,,,
00065,华硕电脑2台,其他,,,厂办室,,,,,,,2014-11-26,00065,7650.0,1669.75,否,,在用,数量：2台；原类别：电子设备；使用年限(月)：120,,,,,,,,,,,,,,,,,,,,,,,,,,,,,,,,,,,,
00066,电脑,其他,,,厂办室,,联想,,,,,2014-06-27,00066,3449.0,0.0,否,,在用,数量：1台；原类别：电子设备；使用年限(月)：96,,,,,,,,,,,,,,,,,,,,,,,,,,,,,,,,,,,,
020400003,大门（空降闸和车牌识别）,其他,,,厂办室,,,,,,,2018-12-28,020400003,25862.07,1293.1,否,,在用,数量：1台；原类别：其他；使用年限(月)：36,,,,,,,,,,,,,,,,,,,,,,,,,,,,,,,,,,,,
0400028,LED显示屏,其他,,,厂办室,厂办公室门前,3.3*1.86M,,,,,2020-09-27,0400028,27630.0,9195.36,否,,在用,数量：1台；原类别：电子设备；使用年限(月)：36,,,,,,,,,,,,,,,,,,,,,,,,,,,,,,,,,,,,
待定-0001,电动阀门一批13台,阀门,,,热电车间办,锅炉、减温减压管道；锅炉,T940H-10,浙江贝斯特阀门有限公司,,,,2013-02-20,,170000.0,,否,,在用,数量：13台；原类别：仪表,,,,,,,,,,,,,,,,,,,,,,,,,,,,,,,,,,,,
待定-0002,DCS控制系统1套,仪表,,,热电车间办,热电锅炉控制室；锅炉,HPCS4000,上海华文自动化系统工程有限公司,,,,2013-02-20,,211000.0,,否,,在用,数量：1套；原类别：仪表,,,,,,,,,,,,,,,,,,,,,,,,,,,,,,,,,,,,
待定-0003,dcs卡件及端子座4块（热电DCS增加卡件）,仪表,,,热电车间办,热电锅炉控制室；锅炉,HW2.922,上海华文自动化系统工程有限公司,,,,2013-02-20,,22400.0,,否,,在用,数量：1批；原类别：仪表,,,,,,,,,,,,,,,,,,,,,,,,,,,,,,,,,,,,
待定-0004,温度计一批100支（热电偶29只，热电阻33只，双金属温度计38只）,仪表,,,热电车间办,锅炉、汽轮机本体及管道；锅炉,WZP-230 M27*2 WRN-730NM K  WSS-581,重庆康特尔控制系统工程有限公司,,,,2013-02-20,,31700.0,,否,,在用,数量：100支；原类别：仪表,,,,,,,,,,,,,,,,,,,,,,,,,,,,,,,,,,,,
待定-0005,温度计、压力变送器一批（热电偶4只，热电阻1只，压力变送器4台）,仪表,,,热电车间办,锅炉、汽轮机本体及管道；锅炉,WZP-230 M27*2 WRN-731NM K,重庆康特尔控制系统工程有限公司,,,,2013-02-20,,12230.0,,否,,在用,数量：9只；原类别：仪表,,,,,,,,,,,,,,,,,,,,,,,,,,,,,,,,,,,,
待定-0006,氧化锆氧量测量,其他,,,热电车间办,锅炉本体；锅炉,ZO-12B L=600mm,北京原子能研究所,,,,2013-02-20,,10000.0,,否,,在用,数量：1套；原类别：仪表,,,,,,,,,,,,,,,,,,,,,,,,,,,,,,,,,,,,
待定-0007,压力变送器、压力表一批（变送器58只，压力表27只，液位计1只，校验仪1台）,仪表,,,热电车间办,锅炉、汽轮机本体及管道；锅炉,Y-150,福建澳泰自控系统有限公司,,,,2013-02-20,,171300.0,,否,,在用,数量：87台；原类别：仪表,,,,,,,,,,,,,,,,,,,,,,,,,,,,,,,,,,,,
待定-0008,压力变送器5台、风压防堵装置5台,仪表,,,热电车间办,锅炉本体及管道；锅炉,,福建澳泰自控系统有限公司,,,,2013-02-20,,19400.0,,否,,在用,数量：10台；原类别：仪表,,,,,,,,,,,,,,,,,,,,,,,,,,,,,,,,,,,,
待定-0009,德尔塔巴流量计,仪表,,,热电车间办,锅炉管道；锅炉,DF25-900,重庆横河川仪有限公司,,,,2013-02-20,,15000.0,,否,,在用,数量：1台；原类别：仪表,,,,,,,,,,,,,,,,,,,,,,,,,,,,,,,,,,,,
待定-0010,一体化平衡流量计,仪表,,,二系统办,2系统蒸发管道（流量计）；2系统蒸发,'LGBYPHF-1.6/150,重庆横河川仪有限公司,,,,2019-09-15,,70400.0,,否,,在用,数量：4台；原类别：仪表,,,,,,,,,,,,,,,,,,,,,,,,,,,,,,,,,,,,
待定-0011,压力变送器,仪表,,,二系统办,2系统蒸发罐本体（新增液位计）；2系统蒸发,EJA438  0-300Kpa  2台  0-72Kpa 1台 -50--100Kpa 1台,重庆横河川仪有限公司,,,,2019-09-15,,35600.0,,否,,在用,数量：4台；原类别：仪表,,,,,,,,,,,,,,,,,,,,,,,,,,,,,,,,,,,,
待定-0012,电动V球阀,阀门,,,二系统办,2系统离心管道；2系统干燥离心,F-DQW40-QTX19/VQ947Y  DN100,浙江康赛特阀门有限公司,,,,2019-09-15,,58800.0,,否,,在用,数量：3台；原类别：仪表,,,,,,,,,,,,,,,,,,,,,,,,,,,,,,,,,,,,
待定-0013,电动V球阀,阀门,,,二系统办,2系统离心管道；2系统干燥离心,F-DQW40-QTX19/VQ947Y  DN80,浙江康赛特阀门有限公司,,,,2019-09-15,,58800.0,,否,,在用,数量：3台；原类别：仪表,,,,,,,,,,,,,,,,,,,,,,,,,,,,,,,,,,,,
待定-0014,电动球阀,阀门,,,二系统办,2系统离心管道；2系统干燥离心,F-DQW10-QTX19/Q941DN50,浙江康赛特阀门有限公司,,,,2022-07-01,,54400.0,,否,,在用,数量：4台；原类别：仪表,,,,,,,,,,,,,,,,,,,,,,,,,,,,,,,,,,,,
待定-0015,压力变送器3台、温度计3台,仪表,,,二系统办,2系统离心管道；2系统干燥离心,EJA438  wsyy-1211,重庆横河川仪有限公司,,,,2021-01-01,,31500.0,,否,,在用,数量：3台；原类别：仪表,,,,,,,,,,,,,,,,,,,,,,,,,,,,,,,,,,,,
待定-0016,电动V球阀,阀门,,,一系统办,1系统母液管道；1系统蒸发,F-DQW40-QTX19/VQ947Y  DN25,浙江康赛特阀门有限公司,,,,2022-07-01,,40000.0,,否,,在用,数量：4台；原类别：仪表,,,,,,,,,,,,,,,,,,,,,,,,,,,,,,,,,,,,
待定-0017,电动V球阀,阀门,,,一系统办,1系统母液管道；1系统蒸发,F-DQW40-QTX19/VQ947Y  DN50,浙江康赛特阀门有限公司,,,,2022-07-01,,15000.0,,否,,在用,数量：1台；原类别：仪表,,,,,,,,,,,,,,,,,,,,,,,,,,,,,,,,,,,,
待定-0018,电磁流量计,仪表,,,一系统办,1系统母液管道；1系统蒸发,DN25,重庆横河川仪有限公司,,,,2022-07-01,,39200.0,,否,,在用,数量：4台；原类别：仪表,,,,,,,,,,,,,,,,,,,,,,,,,,,,,,,,,,,,
待定-0019,电动球阀,阀门,,,一系统办,1系统离心管道；1系统干燥离心,'F-DQW10-QTX19/Q941DN40,浙江康赛特阀门有限公司,,,,2022-07-01,,52800.0,,否,,在用,数量：5台；原类别：仪表,,,,,,,,,,,,,,,,,,,,,,,,,,,,,,,,,,,,
FCV2213,Y型调节角阀,阀门,,,,,DN100*80,,,,,,,,,否,,在用,温度：60；阀前压力：340；阀后压力：305；压差：500；最大流量：30；正常流量：25；最小流量：20,硝浆,1450,,DN100*80,,,,,,,,,,,,,,,,,,,,,,,,,,,,,,,,
FCV2219,Y型调节角阀,阀门,,,,,DN100*80,,,,,,,,,否,,在用,温度：60；阀前压力：340；阀后压力：305；压差：500；最大流量：30；正常流量：25；最小流量：20,硝浆,1450,,DN100*80,,,,,,,,,,,,,,,,,,,,,,,,,,,,,,,,
FCV2237,Y型调节角阀,阀门,,,,,DN100*80,,,,,,,,,否,,在用,温度：60；阀前压力：340；阀后压力：305；压差：500；最大流量：30；正常流量：25；最小流量：20,硝浆,1450,,DN100*80,,,,,,,,,,,,,,,,,,,,,,,,,,,,,,,,
FCV2243A,Y型调节角阀,阀门,,,,,DN100*80,,,,,,,,,否,,在用,数量：2；含备件1台；温度：60；阀前压力：340；阀后压力：305；压差：500；最大流量：30；正常流量：25；最小流量：20,硝浆,1450,,DN100*80,,,,,,,,,,,,,,,,,,,,,,,,,,,,,,,,
FCV2243B,Y型调节角阀,阀门,,,,,DN100*80,,,,,,,,,否,,在用,数量：2；含备件1台；温度：60；阀前压力：340；阀后压力：305；压差：500；最大流量：30；正常流量：25；最小流量：20,硝浆,1450,,DN100*80,,,,,,,,,,,,,,,,,,,,,,,,,,,,,,,,
FCV2262,Y型调节角阀,阀门,,,,,DN100*80,,,,,,,,,否,,在用,温度：60；阀前压力：340；阀后压力：305；压差：500；最大流量：60；正常流量：50；最小流量：40,硝浆,1450,,DN100*80,,,,,,,,,,,,,,,,,,,,,,,,,,,,,,,,
PCV2355,电动调节蝶阀（90°）,阀门,,,,,DN800,,,,,,,,,否,,在用,温度：常温；阀前压力：0；阀后压力：-0.5；压差：20；最大流量：34000；正常流量：30000；最小流量：28000,空气,1.2,,DN800,,,,,,,,,,,,,,,,,,,,,,,,,,,,,,,,
PCV2356,电动调节蝶阀（90°）,阀门,,,,,DN800,,,,,,,,,否,,在用,温度：常温；阀前压力：0；阀后压力：-0.5；压差：20；最大流量：18000；正常流量：16000；最小流量：14000,空气,1.2,,DN800,,,,,,,,,,,,,,,,,,,,,,,,,,,,,,,,
PCV2357,电动调节蝶阀（90°）,阀门,,,,,DN800,,,,,,,,,否,,在用,温度：50；阀前压力：-1；阀后压力：-1.5；压差：5；最大流量：65000；正常流量：62000；最小流量：60000,空气,1.2,,DN800,,,,,,,,,,,,,,,,,,,,,,,,,,,,,,,,
FCV2202,单座调节阀,阀门,,,,,DN65,,,,,,,,,否,,在用,温度：123；阀前压力：500；阀后压力：460；压差：600；最大流量：20；正常流量：10；最小流量：4,冷凝水,941,,DN65,,,,,,,,,,,,,,,,,,,,,,,,,,,,,,,,
FCV2203,单座调节阀,阀门,,,,,DN65,,,,,,,,,否,,在用,温度：50；阀前压力：400；阀后压力：365；压差：500；最大流量：20；正常流量：10；最小流量：4,冷凝水,941,,DN65,,,,,,,,,,,,,,,,,,,,,,,,,,,,,,,,
FCV2231,单座调节阀,阀门,,,,,DN65,,,,,,,,,否,,在用,温度：123；阀前压力：500；阀后压力：460；压差：600；最大流量：20；正常流量：10；最小流量：4,冷凝水,941,,DN65,,,,,,,,,,,,,,,,,,,,,,,,,,,,,,,,
FCV2232,单座调节阀,阀门,,,,,DN65,,,,,,,,,否,,在用,温度：50；阀前压力：400；阀后压力：365；压差：500；最大流量：20；正常流量：10；最小流量：4,冷凝水,941,,DN65,,,,,,,,,,,,,,,,,,,,,,,,,,,,,,,,
FCV2255,单座调节阀,阀门,,,,,DN65,,,,,,,,,否,,在用,温度：123；阀前压力：500；阀后压力：460；压差：600；最大流量：20；正常流量：10；最小流量：4,冷凝水,941,,DN65,,,,,,,,,,,,,,,,,,,,,,,,,,,,,,,,
FCV2256,单座调节阀,阀门,,,,,DN65,,,,,,,,,否,,在用,温度：50；阀前压力：400；阀后压力：365；压差：500；最大流量：20；正常流量：10；最小流量：4,冷凝水,941,,DN65,,,,,,,,,,,,,,,,,,,,,,,,,,,,,,,,
LCV2101,单座调节阀,阀门,,,,,DN65,,,,,,,,,否,,在用,温度：123；阀前压力：700；阀后压力：650；压差：700；最大流量：25；正常流量：20；最小流量：15,冷凝水,941,,DN65,,,,,,,,,,,,,,,,,,,,,,,,,,,,,,,,
LCV2106,单座调节阀,阀门,,,,,DN65,,,,,,,,,否,,在用,温度：123；阀前压力：700；阀后压力：650；压差：700；最大流量：25；正常流量：20；最小流量：15,冷凝水,941,,DN65,,,,,,,,,,,,,,,,,,,,,,,,,,,,,,,,
LCV2111A,单座调节阀,阀门,,,,,DN65,,,,,,,,,否,,在用,数量：2；含备件1台；温度：123；阀前压力：700；阀后压力：650；压差：700；最大流量：25；正常流量：20；最小流量：15,冷凝水,941,,DN65,,,,,,,,,,,,,,,,,,,,,,,,,,,,,,,,
LCV2111B,单座调节阀,阀门,,,,,DN65,,,,,,,,,否,,在用,数量：2；含备件1台；温度：123；阀前压力：700；阀后压力：650；压差：700；最大流量：25；正常流量：20；最小流量：15,冷凝水,941,,DN65,,,,,,,,,,,,,,,,,,,,,,,,,,,,,,,,
TV2479,单座调节阀,阀门,,,,,DN65,,,,,,,,,否,,在用,温度：35；阀前压力：0.4；阀后压力：0.35；最大流量：60；正常流量：50；最小流量：40,冷凝水,941,,DN65,,,,,,,,,,,,,,,,,,,,,,,,,,,,,,,,
TV2227,单座调节阀,阀门,,,,,DN65,,,,,,,,,否,,在用,,冷凝水,941,,DN65,,,,,,,,,,,,,,,,,,,,,,,,,,,,,,,,
TV2251,单座调节阀,阀门,,,,,DN65,,,,,,,,,否,,在用,,冷凝水,941,,DN65,,,,,,,,,,,,,,,,,,,,,,,,,,,,,,,,
TV2269,单座调节阀,阀门,,,,,DN65,,,,,,,,,否,,在用,,冷凝水,941,,DN65,,,,,,,,,,,,,,,,,,,,,,,,,,,,,,,,
HCV2801,电动套筒调节阀,阀门,,,,,DN150,,,,,,,,,否,,在用,温度：150；阀前压力：350；阀后压力：320；压差：400；最大流量：3840；正常流量：2880；最小流量：1920,蒸汽,2.4,,DN150,,,,,,,,,,,,,,,,,,,,,,,,,,,,,,,,
HCV2804,电动套筒调节阀,阀门,,,,,DN150,,,,,,,,,否,,在用,温度：150；阀前压力：350；阀后压力：300；压差：400；最大流量：21600；正常流量：16800；最小流量：4800,蒸汽,2.4,,DN150,,,,,,,,,,,,,,,,,,,,,,,,,,,,,,,,
HCV2809,电动套筒调节阀,阀门,,,,,DN150,,,,,,,,,否,,在用,温度：150；阀前压力：350；阀后压力：320；压差：400；最大流量：3840；正常流量：2880；最小流量：1920,蒸汽,2.4,,DN150,,,,,,,,,,,,,,,,,,,,,,,,,,,,,,,,
HCV2816,电动套筒调节阀,阀门,,,,,DN150,,,,,,,,,否,,在用,温度：150；阀前压力：350；阀后压力：320；压差：400；最大流量：3840；正常流量：2880；最小流量：1920,蒸汽,2.4,,DN150,,,,,,,,,,,,,,,,,,,,,,,,,,,,,,,,
待定-0020,电动旋塞调节阀,阀门,,,,,FCV2212A、B    1备用,,,,,,,,,否,,在用,数量：2；温度：54；阀前压力：750；阀后压力：700；压差：900；最大流量：27；正常流量：22；最小流量：17,硝水,,,,,,,,,,,,,,,,,,,,,,,,,,,,,,,,,,,
FCV2118,电动套筒调节阀,阀门,,,,,DN150,,,,,,,,,否,,在用,温度：54；阀前压力：750；阀后压力：700；压差：900；最大流量：27；正常流量：22；最小流量：17,蒸汽,2.4,,DN150,,,,,,,,,,,,,,,,,,,,,,,,,,,,,,,,
FCV2236,电动套筒调节阀,阀门,,,,,DN150,,,,,,,,,否,,在用,温度：54；阀前压力：750；阀后压力：700；压差：900；最大流量：27；正常流量：22；最小流量：17,蒸汽,2.4,,DN150,,,,,,,,,,,,,,,,,,,,,,,,,,,,,,,,
FCV2242,电动套筒调节阀,阀门,,,,,DN150,,,,,,,,,否,,在用,温度：54；阀前压力：750；阀后压力：700；压差：900；最大流量：27；正常流量：22；最小流量：17,蒸汽,2.4,,DN150,,,,,,,,,,,,,,,,,,,,,,,,,,,,,,,,
LCV2103A,电动套筒调节阀,阀门,,,,,DN150,,,,,,,,,否,,在用,数量：2；含备件1台；温度：118；阀前压力：600；阀后压力：560；压差：800；最大流量：55；正常流量：46；最小流量：35,蒸汽,2.4,,DN150,,,,,,,,,,,,,,,,,,,,,,,,,,,,,,,,
LCV2103B,电动套筒调节阀,阀门,,,,,DN150,,,,,,,,,否,,在用,数量：2；含备件1台；温度：118；阀前压力：600；阀后压力：560；压差：800；最大流量：55；正常流量：46；最小流量：35,蒸汽,2.4,,DN150,,,,,,,,,,,,,,,,,,,,,,,,,,,,,,,,
LCV2104,电动套筒调节阀,阀门,,,,,DN150,,,,,,,,,否,,在用,温度：118；阀前压力：600；阀后压力：560；压差：800；最大流量：55；正常流量：46；最小流量：35,蒸汽,2.4,,DN150,,,,,,,,,,,,,,,,,,,,,,,,,,,,,,,,
LCV2108,电动套筒调节阀,阀门,,,,,DN150,,,,,,,,,否,,在用,温度：118；阀前压力：600；阀后压力：560；压差：800；最大流量：55；正常流量：46；最小流量：35,蒸汽,2.4,,DN150,,,,,,,,,,,,,,,,,,,,,,,,,,,,,,,,
LCV2109,电动套筒调节阀,阀门,,,,,DN150,,,,,,,,,否,,在用,温度：118；阀前压力：600；阀后压力：560；压差：800；最大流量：55；正常流量：46；最小流量：35,蒸汽,2.4,,DN150,,,,,,,,,,,,,,,,,,,,,,,,,,,,,,,,
FCV2261,电动套筒调节阀,阀门,,,,,DN150,,,,,,,,,否,,在用,温度：54；阀前压力：750；阀后压力：700；压差：900；最大流量：54；正常流量：44；最小流量：34,蒸汽,2.4,,DN150,,,,,,,,,,,,,,,,,,,,,,,,,,,,,,,,
LCV2113A,电动套筒调节阀,阀门,,,,,DN150,,,,,,,,,否,,在用,数量：2；含备件1台；温度：118；阀前压力：600；阀后压力：560；压差：800；最大流量：110；正常流量：92；最小流量：75,蒸汽,2.4,,DN150,,,,,,,,,,,,,,,,,,,,,,,,,,,,,,,,
LCV2113B,电动套筒调节阀,阀门,,,,,DN150,,,,,,,,,否,,在用,数量：2；含备件1台；温度：118；阀前压力：600；阀后压力：560；压差：800；最大流量：110；正常流量：92；最小流量：75,蒸汽,2.4,,DN150,,,,,,,,,,,,,,,,,,,,,,,,,,,,,,,,
LCV2115,电动套筒调节阀,阀门,,,,,DN150,,,,,,,,,否,,在用,温度：55；阀前压力：1100；阀后压力：1050；压差：1400；最大流量：140；正常流量：100；最小流量：80,蒸汽,2.4,,DN150,,,,,,,,,,,,,,,,,,,,,,,,,,,,,,,,
LCV2105,电动套筒调节阀,阀门,,,,,DN150,,,,,,,,,否,,在用,温度：123；阀前压力：600；阀后压力：570；压差：800；最大流量：140；正常流量：120；最小流量：100,蒸汽,2.4,,DN150,,,,,,,,,,,,,,,,,,,,,,,,,,,,,,,,
LCV2110,电动套筒调节阀,阀门,,,,,DN150,,,,,,,,,否,,在用,温度：123；阀前压力：600；阀后压力：570；压差：800；最大流量：140；正常流量：120；最小流量：100,蒸汽,2.4,,DN150,,,,,,,,,,,,,,,,,,,,,,,,,,,,,,,,
LCV2114,电动套筒调节阀,阀门,,,,,DN150,,,,,,,,,否,,在用,温度：123；阀前压力：600；阀后压力：570；压差：800；最大流量：140；正常流量：120；最小流量：100,蒸汽,2.4,,DN150,,,,,,,,,,,,,,,,,,,,,,,,,,,,,,,,
LCV2116A,电动套筒调节阀,阀门,,,,,DN150,,,,,,,,,否,,在用,数量：2；温度：35；阀前压力：300；阀后压力：270；压差：400；最大流量：60；正常流量：50；最小流量：40,蒸汽,2.4,,DN150,,,,,,,,,,,,,,,,,,,,,,,,,,,,,,,,
LCV2116B,电动套筒调节阀,阀门,,,,,DN150,,,,,,,,,否,,在用,数量：2；温度：35；阀前压力：300；阀后压力：270；压差：400；最大流量：60；正常流量：50；最小流量：40,蒸汽,2.4,,DN150,,,,,,,,,,,,,,,,,,,,,,,,,,,,,,,,
HV2803,电动旋塞开关阀,阀门,,,,,DN100,,,,,,,,,否,,在用,温度：40；阀前压力：123；阀后压力：100；压差：30,冷凝水,,,DN100,,,,,,,,,,,,,,,,,,,,,,,,,,,,,,,,
HV2805,电动旋塞开关阀,阀门,,,,,DN100,,,,,,,,,否,,在用,数量：4；温度：450；阀前压力：123；阀后压力：500；压差：3,冷凝水,,,DN100,,,,,,,,,,,,,,,,,,,,,,,,,,,,,,,,
HV2807,电动旋塞开关阀,阀门,,,,,DN100,,,,,,,,,否,,在用,数量：4；温度：450；阀前压力：123；阀后压力：500；压差：3,冷凝水,,,DN100,,,,,,,,,,,,,,,,,,,,,,,,,,,,,,,,
HV2812,电动旋塞开关阀,阀门,,,,,DN100,,,,,,,,,否,,在用,数量：4；温度：450；阀前压力：123；阀后压力：500；压差：3,冷凝水,,,DN100,,,,,,,,,,,,,,,,,,,,,,,,,,,,,,,,
HV2806,电动旋塞开关阀,阀门,,,,,DN100,,,,,,,,,否,,在用,数量：5；温度：600；阀前压力：35；阀后压力：700；压差：2,冷凝水,,,DN100,,,,,,,,,,,,,,,,,,,,,,,,,,,,,,,,
HV2808,电动旋塞开关阀,阀门,,,,,DN100,,,,,,,,,否,,在用,数量：5；温度：600；阀前压力：35；阀后压力：700；压差：2,冷凝水,,,DN100,,,,,,,,,,,,,,,,,,,,,,,,,,,,,,,,
HV2813,电动旋塞开关阀,阀门,,,,,DN100,,,,,,,,,否,,在用,数量：5；温度：600；阀前压力：35；阀后压力：700；压差：2,冷凝水,,,DN100,,,,,,,,,,,,,,,,,,,,,,,,,,,,,,,,
HV2815,电动旋塞开关阀,阀门,,,,,DN100,,,,,,,,,否,,在用,数量：5；温度：600；阀前压力：35；阀后压力：700；压差：2,冷凝水,,,DN100,,,,,,,,,,,,,,,,,,,,,,,,,,,,,,,,
HV2811,电动旋塞开关阀,阀门,,,,,DN100,,,,,,,,,否,,在用,温度：40；阀前压力：123；阀后压力：100；压差：30,冷凝水,,,DN100,,,,,,,,,,,,,,,,,,,,,,,,,,,,,,,,
HV2819,电动旋塞开关阀,阀门,,,,,DN100,,,,,,,,,否,,在用,温度：450；阀前压力：123；阀后压力：500；压差：6,冷凝水,,,DN100,,,,,,,,,,,,,,,,,,,,,,,,,,,,,,,,
HV2802,电动旋塞开关阀,阀门,,,,,DN100,,,,,,,,,否,,在用,数量：3；温度：25；阀前压力：106；阀后压力：100；压差：1080,冷凝水,,,DN100,,,,,,,,,,,,,,,,,,,,,,,,,,,,,,,,
HV2810,电动旋塞开关阀,阀门,,,,,DN100,,,,,,,,,否,,在用,数量：3；温度：25；阀前压力：106；阀后压力：100；压差：1080,冷凝水,,,DN100,,,,,,,,,,,,,,,,,,,,,,,,,,,,,,,,
HV2817,电动旋塞开关阀,阀门,,,,,DN100,,,,,,,,,否,,在用,数量：3；温度：25；阀前压力：106；阀后压力：100；压差：1080,冷凝水,,,DN100,,,,,,,,,,,,,,,,,,,,,,,,,,,,,,,,
HV2821A,电动旋塞开关阀,阀门,,,,,DN100,,,,,,,,,否,,在用,数量：6；温度：500；阀前压力：35；阀后压力：600；压差：2,冷凝水,,,DN100,,,,,,,,,,,,,,,,,,,,,,,,,,,,,,,,
HV2821B,电动旋塞开关阀,阀门,,,,,DN100,,,,,,,,,否,,在用,数量：6；温度：500；阀前压力：35；阀后压力：600；压差：2,冷凝水,,,DN100,,,,,,,,,,,,,,,,,,,,,,,,,,,,,,,,
HV2821C,电动旋塞开关阀,阀门,,,,,DN100,,,,,,,,,否,,在用,数量：6；温度：500；阀前压力：35；阀后压力：600；压差：2,冷凝水,,,DN100,,,,,,,,,,,,,,,,,,,,,,,,,,,,,,,,
HV2821D,电动旋塞开关阀,阀门,,,,,DN100,,,,,,,,,否,,在用,数量：6；温度：500；阀前压力：35；阀后压力：600；压差：2,冷凝水,,,DN100,,,,,,,,,,,,,,,,,,,,,,,,,,,,,,,,
HV2821E,电动旋塞开关阀,阀门,,,,,DN100,,,,,,,,,否,,在用,数量：6；温度：500；阀前压力：35；阀后压力：600；压差：2,冷凝水,,,DN100,,,,,,,,,,,,,,,,,,,,,,,,,,,,,,,,
HV2821F,电动旋塞开关阀,阀门,,,,,DN100,,,,,,,,,否,,在用,数量：6；温度：500；阀前压力：35；阀后压力：600；压差：2,冷凝水,,,DN100,,,,,,,,,,,,,,,,,,,,,,,,,,,,,,,,
HV2822A,电动V型球阀,阀门,,,,,DN100,,,,,,,,,否,,在用,数量：6；含备件1台,硝浆,,,DN100,,,,,,,,,,,,,,,,,,,,,,,,,,,,,,,,
HV2822B,电动V型球阀,阀门,,,,,DN100,,,,,,,,,否,,在用,数量：6；含备件1台,硝浆,,,DN100,,,,,,,,,,,,,,,,,,,,,,,,,,,,,,,,
HV2822C,电动V型球阀,阀门,,,,,DN100,,,,,,,,,否,,在用,数量：6；含备件1台,硝浆,,,DN100,,,,,,,,,,,,,,,,,,,,,,,,,,,,,,,,
HV2822D,电动V型球阀,阀门,,,,,DN100,,,,,,,,,否,,在用,数量：6；含备件1台,硝浆,,,DN100,,,,,,,,,,,,,,,,,,,,,,,,,,,,,,,,
HV2822E,电动V型球阀,阀门,,,,,DN100,,,,,,,,,否,,在用,数量：6；含备件1台,硝浆,,,DN100,,,,,,,,,,,,,,,,,,,,,,,,,,,,,,,,
HV2822F,电动V型球阀,阀门,,,,,DN100,,,,,,,,,否,,在用,数量：6；含备件1台,硝浆,,,DN100,,,,,,,,,,,,,,,,,,,,,,,,,,,,,,,,
待定-0021,电磁阀,阀门,,,,,DN15 PN16，法兰连接。材质304，220VAC，电开型，温度65℃（新增）,,,,,,,,,否,,在用,数量：10；温度：600；阀前压力：45,冷凝水,,,,,,,,,,,,,,,,,,,,,,,,,,,,,,,,,,,
TE3401,热电阻,仪表,,,,,WZPK-230  M27*2  550*400 出厂带150mm 45°角连接头，密封件,1,,,,,,,,否,,在用,,蒸汽,,,,00,,,,,,,,,,,,,,,,,,,,,,,,,,,,,,,
TE3402,热电阻,仪表,,,,,WZPK-230  M27*2  550*400 出厂带150mm 45°角连接头，密封件,1,,,,,,,,否,,在用,,循环水,,,,00,,,,,,,,,,,,,,,,,,,,,,,,,,,,,,,
TE3403,热电阻,仪表,,,,,WZPK-230  M27*2  550*400 出厂带150mm 45°角连接头，密封件,1,,,,,,,,否,,在用,,循环水,,,,00,,,,,,,,,,,,,,,,,,,,,,,,,,,,,,,
TE3404,热电阻,仪表,,,,,WZPK-230  M27*2  400*250 出厂带150mm 45°角连接头，密封件,1,,,,,,,,否,,在用,,循环水,,,,00,,,,,,,,,,,,,,,,,,,,,,,,,,,,,,,
TE3405,热电阻,仪表,,,,,WZPK-230  M27*2  400*250 出厂带170mm 45°角连接头，密封件,1,,,,,,,,否,,在用,,循环水,,,,00,,,,,,,,,,,,,,,,,,,,,,,,,,,,,,,
TE3406,热电阻,仪表,,,,,WZPK-230  M27*2  400*250 出厂带170mm 45°角连接头，密封件,1,,,,,,,,否,,在用,,循环水,,,,00,,,,,,,,,,,,,,,,,,,,,,,,,,,,,,,
TE3407,热电阻,仪表,,,,,WZPK-230  M27*2  400*250 出厂带170mm 45°角连接头，密封件,1,,,,,,,,否,,在用,,循环水,,,,00,,,,,,,,,,,,,,,,,,,,,,,,,,,,,,,
TE3408,热电阻,仪表,,,,,WZPK-230  M27*2  600*450 出厂带150mm 45°角连接头，密封件,1,,,,,,,,否,,在用,,二次蒸汽,,,,00,,,,,,,,,,,,,,,,,,,,,,,,,,,,,,,
TE3409,热电阻,仪表,,,,,WZPK-230  M27*2  600*450 出厂带150mm 45°角连接头，密封件,1,,,,,,,,否,,在用,,二次蒸汽,,,,00,,,,,,,,,,,,,,,,,,,,,,,,,,,,,,,
TE3410,热电阻,仪表,,,,,WZPK-230  M27*2  400*250 出厂带150mm 45°角连接头，密封件,1,,,,,,,,否,,在用,,硝水,,,,00,,,,,,,,,,,,,,,,,,,,,,,,,,,,,,,
TE3411,热电阻,仪表,,,,,WZPK-230  M27*2  400*250 出厂带150mm 45°角连接头，密封件,1,,,,,,,,否,,在用,,硝水,,,,00,,,,,,,,,,,,,,,,,,,,,,,,,,,,,,,
TE3412,热电阻,仪表,,,,,WZPK-230  M27*2  400*250 出厂带150mm 45°角连接头，密封件,1,,,,,,,,否,,在用,,硝水,,,,00,,,,,,,,,,,,,,,,,,,,,,,,,,,,,,,
TE3413,热电阻,仪表,,,,,WZPK-230  M27*2  400*250 出厂带150mm 45°角连接头，密封件,1,,,,,,,,否,,在用,,冷凝水,,,,00,,,,,,,,,,,,,,,,,,,,,,,,,,,,,,,
TE3414,热电阻,仪表,,,,,WZPK-230  M27*2  400*250 出厂带150mm 45°角连接头，密封件,1,,,,,,,,否,,在用,,冷凝水,,,,00,,,,,,,,,,,,,,,,,,,,,,,,,,,,,,,
TE3415,热电阻,仪表,,,,,WZPK-230  M27*2  400*250 出厂带170mm 45°角连接头，密封件,1,,,,,,,,否,,在用,,硝水,,,,00,,,,,,,,,,,,,,,,,,,,,,,,,,,,,,,
TE3416,热电阻,仪表,,,,,WZPK-230  M27*2  400*250 出厂带150mm 45°角连接头，密封件,1,,,,,,,,否,,在用,,冷凝水,,,,00,,,,,,,,,,,,,,,,,,,,,,,,,,,,,,,
TE3423,热电阻,仪表,,,,,WZPK-230  M27*2  450*300 出厂带150mm 45°角连接头，密封件,1,,,,,,,,否,,在用,,冷凝水,,,,00,,,,,,,,,,,,,,,,,,,,,,,,,,,,,,,
TE3424,热电阻,仪表,,,,,WZPK-230  M27*2  600*450 出厂带150mm 45°角连接头，密封件,1,,,,,,,,否,,在用,,二次蒸汽,,,,00,,,,,,,,,,,,,,,,,,,,,,,,,,,,,,,
TE3425,热电阻,仪表,,,,,WZPK-230  M27*2  400*250 出厂带170mm 45°角连接头，密封件,1,,,,,,,,否,,在用,,循环水,,,,00,,,,,,,,,,,,,,,,,,,,,,,,,,,,,,,
TE3426,热电阻,仪表,,,,,WZPK-230  M27*2  400*250 出厂带170mm 45°角连接头，密封件,1,,,,,,,,否,,在用,,循环水,,,,00,,,,,,,,,,,,,,,,,,,,,,,,,,,,,,,
TE3427,热电阻,仪表,,,,,WZPK-230  M27*2  400*250 出厂带170mm 45°角连接头，密封件,1,,,,,,,,否,,在用,,循环水,,,,00,,,,,,,,,,,,,,,,,,,,,,,,,,,,,,,
TE3428,热电阻,仪表,,,,,WZPK-230  M27*2  400*250 出厂带170mm 45°角连接头，密封件,1,,,,,,,,否,,在用,,循环水,,,,00,,,,,,,,,,,,,,,,,,,,,,,,,,,,,,,
TE3429,热电阻,仪表,,,,,WZPK-230  M27*2  600*450 出厂带150mm 45°角连接头，密封件,1,,,,,,,,否,,在用,,二次蒸汽,,,,00,,,,,,,,,,,,,,,,,,,,,,,,,,,,,,,
TE3430,热电阻,仪表,,,,,WZPK-230  M27*2  600*450 出厂带150mm 45°角连接头，密封件,1,,,,,,,,否,,在用,,二次蒸汽,,,,00,,,,,,,,,,,,,,,,,,,,,,,,,,,,,,,
TE3431,热电阻,仪表,,,,,WZPK-230  M27*2  400*250 出厂带150mm 45°角连接头，密封件,1,,,,,,,,否,,在用,,硝水,,,,00,,,,,,,,,,,,,,,,,,,,,,,,,,,,,,,
TE3432,热电阻,仪表,,,,,WZPK-230  M27*2  400*250 出厂带150mm 45°角连接头，密封件,1,,,,,,,,否,,在用,,硝水,,,,00,,,,,,,,,,,,,,,,,,,,,,,,,,,,,,,
TE3433,热电阻,仪表,,,,,WZPK-230  M27*2  400*250 出厂带150mm 45°角连接头，密封件,1,,,,,,,,否,,在用,,硝水,,,,00,,,,,,,,,,,,,,,,,,,,,,,,,,,,,,,
TE3434,热电阻,仪表,,,,,WZPK-230  M27*2  400*250 出厂带150mm 45°角连接头，密封件,1,,,,,,,,否,,在用,,冷凝水,,,,00,,,,,,,,,,,,,,,,,,,,,,,,,,,,,,,
TE3435,热电阻,仪表,,,,,WZPK-230  M27*2  400*250 出厂带150mm 45°角连接头，密封件,1,,,,,,,,否,,在用,,冷凝水,,,,00,,,,,,,,,,,,,,,,,,,,,,,,,,,,,,,
TE3436,热电阻,仪表,,,,,WZPK-230  M27*2  400*250 出厂带150mm 45°角连接头，密封件,1,,,,,,,,否,,在用,,硝水,,,,00,,,,,,,,,,,,,,,,,,,,,,,,,,,,,,,
TE3437,热电阻,仪表,,,,,WZPK-230  M27*2  400*250 出厂带150mm 45°角连接头，密封件,1,,,,,,,,否,,在用,,冷凝水,,,,00,,,,,,,,,,,,,,,,,,,,,,,,,,,,,,,
TE3444,热电阻,仪表,,,,,WZPK-230  M27*2  450*300 出厂带150mm 45°角连接头，密封件,1,,,,,,,,否,,在用,,冷凝水,,,,00,,,,,,,,,,,,,,,,,,,,,,,,,,,,,,,
TE3445,热电阻,仪表,,,,,WZPK-230  M27*2  600*450 出厂带150mm 45°角连接头，密封件,1,,,,,,,,否,,在用,,二次蒸汽,,,,00,,,,,,,,,,,,,,,,,,,,,,,,,,,,,,,
TE3446,热电阻,仪表,,,,,WZPK-230  M27*2  400*250 出厂带170mm 45°角连接头，密封件,1,,,,,,,,否,,在用,,循环水,,,,00,,,,,,,,,,,,,,,,,,,,,,,,,,,,,,,
TE3447,热电阻,仪表,,,,,WZPK-230  M27*2  400*250 出厂带170mm 45°角连接头，密封件,1,,,,,,,,否,,在用,,循环水,,,,00,,,,,,,,,,,,,,,,,,,,,,,,,,,,,,,
TE3448,热电阻,仪表,,,,,WZPK-230  M27*2  400*250 出厂带170mm 45°角连接头，密封件,1,,,,,,,,否,,在用,,循环水,,,,00,,,,,,,,,,,,,,,,,,,,,,,,,,,,,,,
TE3449,热电阻,仪表,,,,,WZPK-230  M27*2  400*250 出厂带170mm 45°角连接头，密封件,1,,,,,,,,否,,在用,,循环水,,,,00,,,,,,,,,,,,,,,,,,,,,,,,,,,,,,,
TE3450,热电阻,仪表,,,,,WZPK-230  M27*2  600*450 出厂带150mm 45°角连接头，密封件,1,,,,,,,,否,,在用,,二次蒸汽,,,,00,,,,,,,,,,,,,,,,,,,,,,,,,,,,,,,
TE3451,热电阻,仪表,,,,,WZPK-230  M27*2  600*450 出厂带150mm 45°角连接头，密封件,1,,,,,,,,否,,在用,,二次蒸汽,,,,00,,,,,,,,,,,,,,,,,,,,,,,,,,,,,,,
TE3452,热电阻,仪表,,,,,WZPK-230  M27*2  400*250 出厂带150mm 45°角连接头，密封件,1,,,,,,,,否,,在用,,硝水,,,,00,,,,,,,,,,,,,,,,,,,,,,,,,,,,,,,
TE3453,热电阻,仪表,,,,,WZPK-230  M27*2  400*250 出厂带150mm 45°角连接头，密封件,1,,,,,,,,否,,在用,,硝水,,,,00,,,,,,,,,,,,,,,,,,,,,,,,,,,,,,,
TE3454,热电阻,仪表,,,,,WZPK-230  M27*2  400*250 出厂带150mm 45°角连接头，密封件,1,,,,,,,,否,,在用,,硝水,,,,00,,,,,,,,,,,,,,,,,,,,,,,,,,,,,,,
TE3455,热电阻,仪表,,,,,WZPK-230  M27*2  400*250 出厂带150mm 45°角连接头，密封件,1,,,,,,,,否,,在用,,冷凝水,,,,00,,,,,,,,,,,,,,,,,,,,,,,,,,,,,,,
TE3456,热电阻,仪表,,,,,WZPK-230  M27*2  400*250 出厂带150mm 45°角连接头，密封件,1,,,,,,,,否,,在用,,冷凝水,,,,00,,,,,,,,,,,,,,,,,,,,,,,,,,,,,,,
TE3457,热电阻,仪表,,,,,WZPK-230  M27*2  400*250 出厂带170mm 45°角连接头，密封件,1,,,,,,,,否,,在用,,硝水,,,,00,,,,,,,,,,,,,,,,,,,,,,,,,,,,,,,
TE3458,热电阻,仪表,,,,,WZPK-230  M27*2  400*250 出厂带150mm 45°角连接头，密封件,1,,,,,,,,否,,在用,,冷凝水,,,,00,,,,,,,,,,,,,,,,,,,,,,,,,,,,,,,
TE3462,热电阻,仪表,,,,,WZPK-230  M27*2  450*300 出厂带150mm 45°角连接头，密封件,1,,,,,,,,否,,在用,,冷凝水,,,,00,,,,,,,,,,,,,,,,,,,,,,,,,,,,,,,
TE3463,热电阻,仪表,,,,,WZPK-230  M27*2  600*450 出厂带150mm 45°角连接头，密封件,1,,,,,,,,否,,在用,,二次蒸汽,,,,00,,,,,,,,,,,,,,,,,,,,,,,,,,,,,,,
TE3464,热电阻,仪表,,,,,WZPK-230  M27*2  350*200 出厂带150mm 45°角连接头，密封件,1,,,,,,,,否,,在用,,硝浆,,,,00,,,,,,,,,,,,,,,,,,,,,,,,,,,,,,,
TE3465,热电阻,仪表,,,,,WZPK-230  M27*2  350*200 出厂带150mm 45°角连接头，密封件,1,,,,,,,,否,,在用,,硝浆,,,,00,,,,,,,,,,,,,,,,,,,,,,,,,,,,,,,
TE3466,热电阻,仪表,,,,,WZPK-230  M27*2  350*200 出厂带150mm 45°角连接头，密封件,1,,,,,,,,否,,在用,,硝浆,,,,00,,,,,,,,,,,,,,,,,,,,,,,,,,,,,,,
TE3467,热电阻,仪表,,,,,WZPK-230  M27*2  350*200 出厂带150mm 45°角连接头，密封件,1,,,,,,,,否,,在用,,硝浆,,,,00,,,,,,,,,,,,,,,,,,,,,,,,,,,,,,,
TE3468,热电阻,仪表,,,,,WZPK-230  M27*2  400*250 出厂带170mm 45°角连接头，密封件,1,,,,,,,,否,,在用,,硝浆,,,,00,,,,,,,,,,,,,,,,,,,,,,,,,,,,,,,
TE3470,热电阻,仪表,,,,,WZPK-230  M27*2  400*250 出厂带170mm 45°角连接头，密封件,1,,,,,,,,否,,在用,,水,,,,00,,,,,,,,,,,,,,,,,,,,,,,,,,,,,,,
TE3471,热电阻,仪表,,,,,WZPK-230  M27*2  400*250 出厂带170mm 45°角连接头，密封件,1,,,,,,,,否,,在用,,冷凝水,,,,00,,,,,,,,,,,,,,,,,,,,,,,,,,,,,,,
TE3472,热电阻,仪表,,,,,WZPK-230  M27*2  600*450 出厂带150mm 45°角连接头，密封件,1,,,,,,,,否,,在用,,空气,,,,00,,,,,,,,,,,,,,,,,,,,,,,,,,,,,,,
TE3473,热电阻,仪表,,,,,WZPK-230  M27*2  600*450 出厂带150mm 45°角连接头，密封件,1,,,,,,,,否,,在用,,空气,,,,00,,,,,,,,,,,,,,,,,,,,,,,,,,,,,,,
TE3475,热电阻,仪表,,,,,WZPK-230  M27*2  600*450 出厂带150mm 45°角连接头，密封件,1,,,,,,,,否,,在用,,含盐空气,,,,00,,,,,,,,,,,,,,,,,,,,,,,,,,,,,,,
TE3476,热电阻,仪表,,,,,WZPK-230  M27*2  600*450 出厂带150mm 45°角连接头，密封件,1,,,,,,,,否,,在用,,含盐空气,,,,00,,,,,,,,,,,,,,,,,,,,,,,,,,,,,,,
TE3477,热电阻,仪表,,,,,WZPK-230  M27*2  400*250 出厂带150mm 45°角连接头，密封件,1,,,,,,,,否,,在用,,循环水,,,,00,,,,,,,,,,,,,,,,,,,,,,,,,,,,,,,
TE3478,热电阻,仪表,,,,,WZPK-230  M27*2  400*250 出厂带150mm 45°角连接头，密封件,1,,,,,,,,否,,在用,,循环水,,,,00,,,,,,,,,,,,,,,,,,,,,,,,,,,,,,,
TE3480,热电阻,仪表,,,,,WZPK-230  M27*2  400*250 出厂带150mm 45°角连接头，密封件,1,,,,,,,,否,,在用,,硝水,,,,00,,,,,,,,,,,,,,,,,,,,,,,,,,,,,,,
TE3481,热电阻,仪表,,,,,WZPK-230  M27*2  400*250 出厂带150mm 45°角连接头，密封件,1,,,,,,,,否,,在用,,硝水,,,,00,,,,,,,,,,,,,,,,,,,,,,,,,,,,,,,
TE3482,热电阻,仪表,,,,,WZPK-230  M27*2  400*250 出厂带150mm 45°角连接头，密封件,1,,,,,,,,否,,在用,,硝水,,,,00,,,,,,,,,,,,,,,,,,,,,,,,,,,,,,,
TE3483,热电阻,仪表,,,,,WZPK-230  M27*2  400*250出厂带150mm 45°角连接头，密封件,1,,,,,,,,否,,在用,,冷凝水,,,,00,,,,,,,,,,,,,,,,,,,,,,,,,,,,,,,
TE3484,热电阻,仪表,,,,,WZPK-230  M27*2  400*250 出厂带150mm 45°角连接头，密封件,1,,,,,,,,否,,在用,,冷凝水,,,,00,,,,,,,,,,,,,,,,,,,,,,,,,,,,,,,
TE3485,热电阻,仪表,,,,,WZPK-230  M27*2  400*250 出厂带150mm 45°角连接头，密封件,1,,,,,,,,否,,在用,,硝水,,,,00,,,,,,,,,,,,,,,,,,,,,,,,,,,,,,,
TE3486,热电阻,仪表,,,,,WZPK-230  M27*2  400*250 出厂带150mm 45°角连接头，密封件,1,,,,,,,,否,,在用,,冷凝水,,,,00,,,,,,,,,,,,,,,,,,,,,,,,,,,,,,,
TI3469A,远传双金属温度计,仪表,,,,,WTYY-1021 M27*2 450*300 附密封件,1,,,,,,,,否,,在用,,油,,,,021,,,,,,,,,,,,,,,,,,,,,,,,,,,,,,,
TI3469B,远传双金属温度计,仪表,,,,,WTYY-1021 M27*2 450*300 附密封件,1,,,,,,,,否,,在用,,油,,,,021,,,,,,,,,,,,,,,,,,,,,,,,,,,,,,,
TI3469C,远传双金属温度计,仪表,,,,,WTYY-1021 M27*2 450*300 附密封件,1,,,,,,,,否,,在用,,油,,,,021,,,,,,,,,,,,,,,,,,,,,,,,,,,,,,,
TI3469D,远传双金属温度计,仪表,,,,,WTYY-1021 M27*2 450*300 附密封件,1,,,,,,,,否,,在用,,油,,,,021,,,,,,,,,,,,,,,,,,,,,,,,,,,,,,,
TI3469E,远传双金属温度计,仪表,,,,,WTYY-1021 M27*2 450*300 附密封件,1,,,,,,,,否,,在用,,油,,,,021,,,,,,,,,,,,,,,,,,,,,,,,,,,,,,,
TI3469F,远传双金属温度计,仪表,,,,,WTYY-1021 M27*2 450*300 附密封件,1,,,,,,,,否,,在用,,油,,,,021,,,,,,,,,,,,,,,,,,,,,,,,,,,,,,,
TE3474,热电阻,仪表,,,,,WZPK-430  DN50RF  600*450 附304螺栓、螺母、密封件,1,,,,,,,,否,,在用,,空气+盐,,,,00,,,,,,,,,,,,,,,,,,,,,,,,,,,,,,,
TE3479,热电阻,仪表,,,,,WZPK-430  DN50RF  600*450 附304螺栓、螺母、密封件,1,,,,,,,,否,,在用,,空气+盐,,,,00,,,,,,,,,,,,,,,,,,,,,,,,,,,,,,,
TE3417,热电阻,仪表,,,,,WZPK-430  DN50RF  600*450 附304螺栓、螺母、密封件,1,,,,,,,,否,,在用,,二次蒸汽,,,,00,,,,,,,,,,,,,,,,,,,,,,,,,,,,,,,
TE3418,热电阻,仪表,,,,,WZPK-430  DN50RF  600*450 附304螺栓、螺母、密封件,1,,,,,,,,否,,在用,,硝浆,,,,00,,,,,,,,,,,,,,,,,,,,,,,,,,,,,,,
TE3419,热电阻,仪表,,,,,WZPK-430  DN50RF  600*450 附304螺栓、螺母、密封件,1,,,,,,,,否,,在用,,硝浆,,,,00,,,,,,,,,,,,,,,,,,,,,,,,,,,,,,,
TE3420,热电阻,仪表,,,,,WZPK-430  DN50RF  600*450 附304螺栓、螺母、密封件,1,,,,,,,,否,,在用,,二次蒸汽,,,,00,,,,,,,,,,,,,,,,,,,,,,,,,,,,,,,
TE3421,热电阻,仪表,,,,,WZPK-430  DN50RF  600*450 附304螺栓、螺母、密封件,1,,,,,,,,否,,在用,,硝浆,,,,00,,,,,,,,,,,,,,,,,,,,,,,,,,,,,,,
TE3422,热电阻,仪表,,,,,WZPK-430  DN50RF  600*450 附304螺栓、螺母、密封件,1,,,,,,,,否,,在用,,硝浆,,,,00,,,,,,,,,,,,,,,,,,,,,,,,,,,,,,,
TE3438,热电阻,仪表,,,,,WZPK-430  DN50RF  600*450 附304螺栓、螺母、密封件,1,,,,,,,,否,,在用,,二次蒸汽,,,,00,,,,,,,,,,,,,,,,,,,,,,,,,,,,,,,
TE3439,热电阻,仪表,,,,,WZPK-430  DN50RF  600*450 附304螺栓、螺母、密封件,1,,,,,,,,否,,在用,,硝浆,,,,00,,,,,,,,,,,,,,,,,,,,,,,,,,,,,,,
TE3440,热电阻,仪表,,,,,WZPK-430  DN50RF  600*450 附304螺栓、螺母、密封件,1,,,,,,,,否,,在用,,硝浆,,,,00,,,,,,,,,,,,,,,,,,,,,,,,,,,,,,,
TE3441,热电阻,仪表,,,,,WZPK-430  DN50RF  600*450 附304螺栓、螺母、密封件,1,,,,,,,,否,,在用,,蒸汽,,,,00,,,,,,,,,,,,,,,,,,,,,,,,,,,,,,,
TE3442,热电阻,仪表,,,,,WZPK-430  DN50RF  600*450 附304螺栓、螺母、密封件,1,,,,,,,,否,,在用,,硝浆,,,,00,,,,,,,,,,,,,,,,,,,,,,,,,,,,,,,
TE3443,热电阻,仪表,,,,,WZPK-430  DN50RF  600*450 附304螺栓、螺母、密封件,1,,,,,,,,否,,在用,,硝浆,,,,00,,,,,,,,,,,,,,,,,,,,,,,,,,,,,,,
TE3459,热电阻,仪表,,,,,WZPK-430  DN50RF  600*450 附304螺栓、螺母、密封件,1,,,,,,,,否,,在用,,二次蒸汽,,,,00,,,,,,,,,,,,,,,,,,,,,,,,,,,,,,,
TE3460,热电阻,仪表,,,,,WZPK-430  DN50RF  600*450 附304螺栓、螺母、密封件,1,,,,,,,,否,,在用,,硝浆,,,,00,,,,,,,,,,,,,,,,,,,,,,,,,,,,,,,
TE3461,热电阻,仪表,,,,,WZPK-430  DN50RF  600*450 附304螺栓、螺母、密封件,1,,,,,,,,否,,在用,,硝浆,,,,00,,,,,,,,,,,,,,,,,,,,,,,,,,,,,,,
TE3487,热电阻,仪表,,,,,WZPK-430  DN50RF  450*300 附304螺栓、螺母、密封件,1,,,,,,,,否,,在用,,二次蒸汽,,,,00,,,,,,,,,,,,,,,,,,,,,,,,,,,,,,,
TE3488,热电阻,仪表,,,,,WZPK-430  DN50RF  450*300 附304螺栓、螺母、密封件,1,,,,,,,,否,,在用,,二次蒸汽,,,,00,,,,,,,,,,,,,,,,,,,,,,,,,,,,,,,
TE3489,热电阻,仪表,,,,,WZPK-430  DN50RF  450*300 附304螺栓、螺母、密封件,1,,,,,,,,否,,在用,,二次蒸汽,,,,00,,,,,,,,,,,,,,,,,,,,,,,,,,,,,,,
待定-0023,压力表、电导率、导纳开关、磁耦合液位计、称重仪（第4页）,仪表,,,,,,,,,,,,,,否,,在用,,,,,,,,,,,,,,,,,,,,,,,,,,,,,,,,,,,,,
PI3308A,压力表,仪表,,,,,Y-100MFB/316L 0～1600KPa DN25RF 附304螺栓、螺母、密封件,2,,,,,,,,否,,在用,,冷凝水,,,,00,,,,,,,,,,,,,,,,,,,,,,,,,,,,,,,
PI3308B,压力表,仪表,,,,,Y-100MFB/316L 0～1600KPa DN25RF 附304螺栓、螺母、密封件,2,,,,,,,,否,,在用,,冷凝水,,,,00,,,,,,,,,,,,,,,,,,,,,,,,,,,,,,,
PI3309A,压力表,仪表,,,,,Y-100MFB/316L 0～1600KPa DN25RF 附304螺栓、螺母、密封件,2,,,,,,,,否,,在用,,硝浆,,,,00,,,,,,,,,,,,,,,,,,,,,,,,,,,,,,,
PI3309B,压力表,仪表,,,,,Y-100MFB/316L 0～1600KPa DN25RF 附304螺栓、螺母、密封件,2,,,,,,,,否,,在用,,硝浆,,,,00,,,,,,,,,,,,,,,,,,,,,,,,,,,,,,,
PI3314A,压力表,仪表,,,,,Y-100MFB/316L 0～1600KPa DN25RF 附304螺栓、螺母、密封件,2,,,,,,,,否,,在用,,硝浆,,,,00,,,,,,,,,,,,,,,,,,,,,,,,,,,,,,,
PI3314B,压力表,仪表,,,,,Y-100MFB/316L 0～1600KPa DN25RF 附304螺栓、螺母、密封件,2,,,,,,,,否,,在用,,硝浆,,,,00,,,,,,,,,,,,,,,,,,,,,,,,,,,,,,,
PI3319A,压力表,仪表,,,,,Y-100MFB/316L 0～1600KPa DN25RF 附304螺栓、螺母、密封件,2,,,,,,,,否,,在用,,冷凝水,,,,00,,,,,,,,,,,,,,,,,,,,,,,,,,,,,,,
PI3319B,压力表,仪表,,,,,Y-100MFB/316L 0～1600KPa DN25RF 附304螺栓、螺母、密封件,2,,,,,,,,否,,在用,,冷凝水,,,,00,,,,,,,,,,,,,,,,,,,,,,,,,,,,,,,
PI3326A,压力表,仪表,,,,,Y-100MFB/316L 0～1600KPa DN25RF 附304螺栓、螺母、密封件,2,,,,,,,,否,,在用,,冷凝水,,,,00,,,,,,,,,,,,,,,,,,,,,,,,,,,,,,,
PI3326B,压力表,仪表,,,,,Y-100MFB/316L 0～1600KPa DN25RF 附304螺栓、螺母、密封件,2,,,,,,,,否,,在用,,冷凝水,,,,00,,,,,,,,,,,,,,,,,,,,,,,,,,,,,,,
PI3327A,压力表,仪表,,,,,Y-100MFB/316L 0～1600KPa DN25RF 附304螺栓、螺母、密封件,2,,,,,,,,否,,在用,,硝浆,,,,00,,,,,,,,,,,,,,,,,,,,,,,,,,,,,,,
PI3327B,压力表,仪表,,,,,Y-100MFB/316L 0～1600KPa DN25RF 附304螺栓、螺母、密封件,2,,,,,,,,否,,在用,,硝浆,,,,00,,,,,,,,,,,,,,,,,,,,,,,,,,,,,,,
PI3332A,压力表,仪表,,,,,Y-100MFB/316L 0～1600KPa DN25RF 附304螺栓、螺母、密封件,2,,,,,,,,否,,在用,,硝浆,,,,00,,,,,,,,,,,,,,,,,,,,,,,,,,,,,,,
PI3332B,压力表,仪表,,,,,Y-100MFB/316L 0～1600KPa DN25RF 附304螺栓、螺母、密封件,2,,,,,,,,否,,在用,,硝浆,,,,00,,,,,,,,,,,,,,,,,,,,,,,,,,,,,,,
PI3337A,压力表,仪表,,,,,Y-100MFB/316L 0～1600KPa DN25RF 附304螺栓、螺母、密封件,2,,,,,,,,否,,在用,,冷凝水,,,,00,,,,,,,,,,,,,,,,,,,,,,,,,,,,,,,
PI3337B,压力表,仪表,,,,,Y-100MFB/316L 0～1600KPa DN25RF 附304螺栓、螺母、密封件,2,,,,,,,,否,,在用,,冷凝水,,,,00,,,,,,,,,,,,,,,,,,,,,,,,,,,,,,,
PI3344A,压力表,仪表,,,,,Y-100MFB/316L 0～1600KPa DN25RF 附304螺栓、螺母、密封件,2,,,,,,,,否,,在用,,冷凝水,,,,00,,,,,,,,,,,,,,,,,,,,,,,,,,,,,,,
PI3344B,压力表,仪表,,,,,Y-100MFB/316L 0～1600KPa DN25RF 附304螺栓、螺母、密封件,2,,,,,,,,否,,在用,,冷凝水,,,,00,,,,,,,,,,,,,,,,,,,,,,,,,,,,,,,
PI3345A,压力表,仪表,,,,,Y-100MFB/316L 0～1600KPa DN25RF 附304螺栓、螺母、密封件,2,,,,,,,,否,,在用,,硝浆,,,,00,,,,,,,,,,,,,,,,,,,,,,,,,,,,,,,
PI3345B,压力表,仪表,,,,,Y-100MFB/316L 0～1600KPa DN25RF 附304螺栓、螺母、密封件,2,,,,,,,,否,,在用,,硝浆,,,,00,,,,,,,,,,,,,,,,,,,,,,,,,,,,,,,
PI3350A,压力表,仪表,,,,,Y-100MFB/316L 0～1600KPa DN25RF 附304螺栓、螺母、密封件,2,,,,,,,,否,,在用,,冷凝水,,,,00,,,,,,,,,,,,,,,,,,,,,,,,,,,,,,,
PI3350B,压力表,仪表,,,,,Y-100MFB/316L 0～1600KPa DN25RF 附304螺栓、螺母、密封件,2,,,,,,,,否,,在用,,冷凝水,,,,00,,,,,,,,,,,,,,,,,,,,,,,,,,,,,,,
PI3353A,压力表,仪表,,,,,Y-100MFB/316L 0～1600KPa DN25RF 附304螺栓、螺母、密封件,2,,,,,,,,否,,在用,,冷凝水,,,,00,,,,,,,,,,,,,,,,,,,,,,,,,,,,,,,
PI3353B,压力表,仪表,,,,,Y-100MFB/316L 0～1600KPa DN25RF 附304螺栓、螺母、密封件,2,,,,,,,,否,,在用,,冷凝水,,,,00,,,,,,,,,,,,,,,,,,,,,,,,,,,,,,,
PI3354A,压力表,仪表,,,,,Y-100MFB/316L 0～1600KPa DN25RF 附304螺栓、螺母、密封件,2,,,,,,,,否,,在用,,冷凝水,,,,00,,,,,,,,,,,,,,,,,,,,,,,,,,,,,,,
PI3354B,压力表,仪表,,,,,Y-100MFB/316L 0～1600KPa DN25RF 附304螺栓、螺母、密封件,2,,,,,,,,否,,在用,,冷凝水,,,,00,,,,,,,,,,,,,,,,,,,,,,,,,,,,,,,
PI3352A,压力表,仪表,,,,,Y-100MFB/316L 0～2500KPa DN25RF 附304螺栓、螺母、密封件,2,,,,,,,,否,,在用,,硝水,,,,00,,,,,,,,,,,,,,,,,,,,,,,,,,,,,,,
PI3352B,压力表,仪表,,,,,Y-100MFB/316L 0～2500KPa DN25RF 附304螺栓、螺母、密封件,2,,,,,,,,否,,在用,,硝水,,,,00,,,,,,,,,,,,,,,,,,,,,,,,,,,,,,,
PS3371A,电接点压力表,仪表,,,,,YXC-100-Z 0-1000Kpa  M20*1.5,2,,,,,,,,否,,在用,,油,,,,00,,,,,,,,,,,,,,,,,,,,,,,,,,,,,,,
PS3371B,电接点压力表,仪表,,,,,YXC-100-Z 0-1000Kpa  M20*1.5,2,,,,,,,,否,,在用,,油,,,,00,,,,,,,,,,,,,,,,,,,,,,,,,,,,,,,
PI3313,压力表,仪表,,,,,YN-150  0～400KPa,1,,,,,,,,否,,在用,,二次蒸汽,,,,0  0,,,,,,,,,,,,,,,,,,,,,,,,,,,,,,,
PI3318,压力表,仪表,,,,,YN-150  0～400KPa,1,,,,,,,,否,,在用,,二次蒸汽,,,,0  0,,,,,,,,,,,,,,,,,,,,,,,,,,,,,,,
PI3331,压力表,仪表,,,,,YN-150  0～400KPa,1,,,,,,,,否,,在用,,二次蒸汽,,,,0  0,,,,,,,,,,,,,,,,,,,,,,,,,,,,,,,
PI3336,压力表,仪表,,,,,YN-150  0～400KPa,1,,,,,,,,否,,在用,,二次蒸汽,,,,0  0,,,,,,,,,,,,,,,,,,,,,,,,,,,,,,,
PI3349,压力表,仪表,,,,,YN-150  0～400KPa,1,,,,,,,,否,,在用,,二次蒸汽,,,,0  0,,,,,,,,,,,,,,,,,,,,,,,,,,,,,,,
LT3105,磁耦合液位计,仪表,,,,,BM26A/P/C/RRL/KMR/0/N/040/F/M/V/M1 量程 0～2000mm 量程 0～2000mm   DN50RF  出厂附304螺栓、螺母、密封件,1,,,,,,,,否,,在用,,冷凝水,,,,040,,,,,,,,,,,,,,,,,,,,,,,,,,,,,,,
LT3110,磁耦合液位计,仪表,,,,,BM26A/P/C/RRL/KMR/0/N/040/F/M/V/M1 量程 0～2000mm 量程 0～2000mm   DN50RF  出厂附304螺栓、螺母、密封件,1,,,,,,,,否,,在用,,冷凝水,,,,040,,,,,,,,,,,,,,,,,,,,,,,,,,,,,,,
LT3114,磁耦合液位计,仪表,,,,,BM26A/P/C/RRL/KMR/0/N/040/F/M/V/M1 量程 0～2000mm 量程 0～2000mm   DN50RF  出厂附304螺栓、螺母、密封件,1,,,,,,,,否,,在用,,冷凝水,,,,040,,,,,,,,,,,,,,,,,,,,,,,,,,,,,,,
LS3102,射频导纳开关,仪表,,,,,RF881G-MZ206   DN50RF 插入长度300mm 总长度600mm  出厂附304螺栓、螺母、密封件,1,,,,,,,,否,,在用,,冷凝水,,,,06,,,,,,,,,,,,,,,,,,,,,,,,,,,,,,,
LS3107,射频导纳开关,仪表,,,,,RF881G-MZ206   DN50RF 插入长度300mm 总长度600mm  出厂附304螺栓、螺母、密封件,1,,,,,,,,否,,在用,,冷凝水,,,,06,,,,,,,,,,,,,,,,,,,,,,,,,,,,,,,
LS3112,射频导纳开关,仪表,,,,,RF881G-MZ206   DN50RF 插入长度300mm 总长度600mm  出厂附304螺栓、螺母、密封件,1,,,,,,,,否,,在用,,冷凝水,,,,06,,,,,,,,,,,,,,,,,,,,,,,,,,,,,,,
CT3701,电导率,仪表,,,,,规格型号CCT-8301A 电极型号CON3324B-55 量程 0～2000us/cm  承受压力1MPA φ50mm 快装式卡盘安装 传感器线长10米 出厂附专用电缆、专用不锈钢仪表保护箱，配套安装卡盘附件,1,,,,,,,,否,,在用,,冷凝水,,,,01,,,,,,,,,,,,,,,,,,,,,,,,,,,,,,,
CT3702,电导率,仪表,,,,,规格型号CCT-8301A 电极型号CON3324B-55 量程 0～2000us/cm  承受压力1MPA φ50mm 快装式卡盘安装 传感器线长10米 出厂附专用电缆、专用不锈钢仪表保护箱，配套安装卡盘附件,1,,,,,,,,否,,在用,,冷凝水,,,,01,,,,,,,,,,,,,,,,,,,,,,,,,,,,,,,
CT3703,电导率,仪表,,,,,规格型号CCT-8301A 电极型号CON3324B-55 量程 0～2000us/cm  承受压力1MPA φ50mm 快装式卡盘安装 传感器线长10米 出厂附专用电缆、专用不锈钢仪表保护箱，配套安装卡盘附件,1,,,,,,,,否,,在用,,冷凝水,,,,01,,,,,,,,,,,,,,,,,,,,,,,,,,,,,,,
WT3501,称重仪表,仪表,,,,,PM SS 15 PM不锈钢称重模块 容量15t（数量3个），AJB-005 不锈钢接线盒（数量1个），仪表33H1-00000-A00-301，30m专用电缆 要求厂家安装调试（托利多厂）,1,,,,,,,,否,,在用,称重模块上下过渡板默认不做配置，安装时需甲方根据托利多样本给定尺寸自行加工,,,,,005,,,,,,,,,,,,,,,,,,,,,,,,,,,,,,,
LT0101,压力变送器,仪表,,,,,量程0～192KPa DN50RF 3m毛细管 单法兰远传EJA438E-JHSCJ-912EA-WH22C2SW00-AA23   出厂附304螺栓、螺母、密封件,1,,,,,,,,否,,在用,配玻璃钢保护箱,硝水,,,,0～192,,,,,,,,,,,,,,,,,,,,,,,,,,,,,,,
LT0102,压力变送器,仪表,,,,,量程0～192KPa DN50RF 3m毛细管 单法兰远传EJA438E-JHSCJ-912EA-WH22C2SW00-AA23    出厂附304螺栓、螺母、密封件,1,,,,,,,,否,,在用,配玻璃钢保护箱,硝水,,,,0～192,,,,,,,,,,,,,,,,,,,,,,,,,,,,,,,
LT0103,压力变送器,仪表,,,,,量程0～192KPa DN50RF 3m毛细管 单法兰远传EJA438E-JHSCJ-912EA-WH22C2SW00-AA23     出厂附304螺栓、螺母、密封件,1,,,,,,,,否,,在用,配玻璃钢保护箱,硝水,,,,0～192,,,,,,,,,,,,,,,,,,,,,,,,,,,,,,,
LT0104,压力变送器,仪表,,,,,量程0～192KPa DN50RF 3m毛细管 单法兰远传EJA438E-JHSCJ-912EA-WH22C2SW00-AA23   出厂附304螺栓、螺母、密封件,1,,,,,,,,否,,在用,配玻璃钢保护箱,硝水,,,,0～192,,,,,,,,,,,,,,,,,,,,,,,,,,,,,,,
LT0105,压力变送器,仪表,,,,,量程0～192KPa DN50RF 3m毛细管 单法兰远传EJA438E-JHSCJ-912EA-WH22C2SW00-AA23   出厂附304螺栓、螺母、密封件,1,,,,,,,,否,,在用,配玻璃钢保护箱,硝水,,,,0～192,,,,,,,,,,,,,,,,,,,,,,,,,,,,,,,
LT0106,压力变送器,仪表,,,,,量程0～192KPa DN50RF 3m毛细管 单法兰远传EJA438E-JHSCJ-912EA-WH22C2SW00-AA23   出厂附304螺栓、螺母、密封件,1,,,,,,,,否,,在用,配玻璃钢保护箱,硝水,,,,0～192,,,,,,,,,,,,,,,,,,,,,,,,,,,,,,,
LT0107,压力变送器,仪表,,,,,量程0～160KPa DN50RF 3m毛细管 单法兰远传EJA438E-JHSCJ-912EA-WH22C2SW00-AA23   出厂附304螺栓、螺母、密封件,1,,,,,,,,否,,在用,配玻璃钢保护箱,冷凝水,,,,0～160,,,,,,,,,,,,,,,,,,,,,,,,,,,,,,,
PT3301,压力变送器,仪表,,,,,量程0～600KPa  DN50RF 5m毛细管 单法兰远传EJA438E-JASCJ-912EA-WH22C2SW00-AA25  出厂附304螺栓、螺母、密封件,1,,,,,,,,否,,在用,配玻璃钢保护箱,蒸汽,,,,0～600,,,,,,,,,,,,,,,,,,,,,,,,,,,,,,,
PT3302,压力变送器,仪表,,,,,量程-20～500KPa  DN50RF 5m毛细管 单法兰远传EJA438E-JASCJ-912EA-WH22C2SW00-AA25 出厂附304螺栓、螺母、密封件,1,,,,,,,,否,,在用,配玻璃钢保护箱,二次蒸汽,,,,0～500,,,,,,,,,,,,,,,,,,,,,,,,,,,,,,,
PT3303,压力变送器,仪表,,,,,量程-20～500KPa   DN50RF 5m毛细管 单法兰远传EJA438E-JASCJ-912EA-WH22C2SW00-AA25 出厂附304螺栓、螺母、密封件,1,,,,,,,,否,,在用,配玻璃钢保护箱,二次蒸汽,,,,0～500,,,,,,,,,,,,,,,,,,,,,,,,,,,,,,,
PT3304,压力变送器,仪表,,,,,量程0～500KPa    DN50RF 5m毛细管 单法兰远传EJA438E-JHSCJ-912EA-WH22C2SW00-AA25 出厂附304螺栓、螺母、密封件,1,,,,,,,,否,,在用,配玻璃钢保护箱,冷凝水,,,,0～500,,,,,,,,,,,,,,,,,,,,,,,,,,,,,,,
PT3305,压力变送器,仪表,,,,,量程-20～500KPa   DN50RF 5m毛细管 单法兰远传EJA438E-JASCJ-912EA-WH22C2SW00-AA25 出厂附304螺栓、螺母、密封件,1,,,,,,,,否,,在用,配玻璃钢保护箱,二次蒸汽,,,,0～500,,,,,,,,,,,,,,,,,,,,,,,,,,,,,,,
PT3306,压力变送器,仪表,,,,,量程0～500KPa    DN50RF 5m毛细管 单法兰远传EJA438E-JHSCJ-912EA-WH22C2SW00-AA25 出厂附304螺栓、螺母、密封件,1,,,,,,,,否,,在用,配玻璃钢保护箱,二次蒸汽,,,,0～500,,,,,,,,,,,,,,,,,,,,,,,,,,,,,,,
PT3310A,压力变送器,仪表,,,,,量程-20～500KPa   DN50RF 5m毛细管 单法兰远传EJA438E-JASCJ-912EA-WH22C2SW00-AA25 出厂附304螺栓、螺母、密封件,2,,,,,,,,否,,在用,配玻璃钢保护箱,二次蒸汽,,,,0～500,,,,,,,,,,,,,,,,,,,,,,,,,,,,,,,
PT3310B,压力变送器,仪表,,,,,量程-20～500KPa   DN50RF 5m毛细管 单法兰远传EJA438E-JASCJ-912EA-WH22C2SW00-AA25 出厂附304螺栓、螺母、密封件,2,,,,,,,,否,,在用,配玻璃钢保护箱,二次蒸汽,,,,0～500,,,,,,,,,,,,,,,,,,,,,,,,,,,,,,,
PT3311A,压力变送器,仪表,,,,,量程0～600KPa  DN50RF 5m毛细管 单法兰远传EJA438E-JASCJ-912EA-WH22C2SW00-AA25 出厂附304螺栓、螺母、密封件,2,,,,,,,,否,,在用,配玻璃钢保护箱,硝浆,,,,0～600,,,,,,,,,,,,,,,,,,,,,,,,,,,,,,,
PT3311B,压力变送器,仪表,,,,,量程0～600KPa  DN50RF 5m毛细管 单法兰远传EJA438E-JASCJ-912EA-WH22C2SW00-AA25 出厂附304螺栓、螺母、密封件,2,,,,,,,,否,,在用,配玻璃钢保护箱,硝浆,,,,0～600,,,,,,,,,,,,,,,,,,,,,,,,,,,,,,,
PT3312,压力变送器,仪表,,,,,量程0～800KPa  DN50RF 5m毛细管 单法兰远传EJA438E-JASCJ-912EA-WH22C2SW00-AA25 出厂附304螺栓、螺母、密封件,1,,,,,,,,否,,在用,配玻璃钢保护箱,硝浆,,,,0～800,,,,,,,,,,,,,,,,,,,,,,,,,,,,,,,
PT3313,压力变送器,仪表,,,,,量程0～500KPa  DN50RF 5m毛细管 单法兰远传EJA438E-JHSCJ-912EA-WH22C2SW00-AA25 出厂附304螺栓、螺母、密封件,1,,,,,,,,否,,在用,配玻璃钢保护箱,二次蒸汽,,,,0～500,,,,,,,,,,,,,,,,,,,,,,,,,,,,,,,
PT3315A,压力变送器,仪表,,,,,量程-20～500KPa   DN50RF 5m毛细管 单法兰远传EJA438E-JASCJ-912EA-WH22C2SW00-AA25 出厂附304螺栓、螺母、密封件,2,,,,,,,,否,,在用,配玻璃钢保护箱,二次蒸汽,,,,0～500,,,,,,,,,,,,,,,,,,,,,,,,,,,,,,,
PT3315B,压力变送器,仪表,,,,,量程-20～500KPa   DN50RF 5m毛细管 单法兰远传EJA438E-JASCJ-912EA-WH22C2SW00-AA25 出厂附304螺栓、螺母、密封件,2,,,,,,,,否,,在用,配玻璃钢保护箱,二次蒸汽,,,,0～500,,,,,,,,,,,,,,,,,,,,,,,,,,,,,,,
PT3316A,压力变送器,仪表,,,,,量程0～600KPa   DN50RF 5m毛细管 单法兰远传EJA438E-JASCJ-912EA-WH22C2SW00-AA25 出厂附304螺栓、螺母、密封件,2,,,,,,,,否,,在用,配玻璃钢保护箱,硝浆,,,,0～600,,,,,,,,,,,,,,,,,,,,,,,,,,,,,,,
PT3316B,压力变送器,仪表,,,,,量程0～600KPa   DN50RF 5m毛细管 单法兰远传EJA438E-JASCJ-912EA-WH22C2SW00-AA25 出厂附304螺栓、螺母、密封件,2,,,,,,,,否,,在用,配玻璃钢保护箱,硝浆,,,,0～600,,,,,,,,,,,,,,,,,,,,,,,,,,,,,,,
PT3317,压力变送器,仪表,,,,,量程0～800KPa   DN50RF 5m毛细管 单法兰远传EJA438E-JASCJ-912EA-WH22C2SW00-AA25 出厂附304螺栓、螺母、密封件,1,,,,,,,,否,,在用,配玻璃钢保护箱,硝浆,,,,0～800,,,,,,,,,,,,,,,,,,,,,,,,,,,,,,,
PT3318,压力变送器,仪表,,,,,量程0～500KPa    DN50RF 5m毛细管 单法兰远传EJA438E-JHSCJ-912EA-WH22C2SW00-AA25 出厂附304螺栓、螺母、密封件,1,,,,,,,,否,,在用,配玻璃钢保护箱,二次蒸汽,,,,0～500,,,,,,,,,,,,,,,,,,,,,,,,,,,,,,,
PT3320,压力变送器,仪表,,,,,量程-20～500KPa   DN50RF 5m毛细管 单法兰远传EJA438E-JASCJ-912EA-WH22C2SW00-AA25 出厂附304螺栓、螺母、密封件,1,,,,,,,,否,,在用,配玻璃钢保护箱,二次蒸汽,,,,0～500,,,,,,,,,,,,,,,,,,,,,,,,,,,,,,,
PT3321,压力变送器,仪表,,,,,量程-20～500KPa   DN50RF 5m毛细管 单法兰远传EJA438E-JASCJ-912EA-WH22C2SW00-AA25 出厂附304螺栓、螺母、密封件,1,,,,,,,,否,,在用,配玻璃钢保护箱,二次蒸汽,,,,0～500,,,,,,,,,,,,,,,,,,,,,,,,,,,,,,,
PT3322,压力变送器,仪表,,,,,量程0～500KPa    DN50RF 5m毛细管 单法兰远传EJA438E-JHSCJ-912EA-WH22C2SW00-AA25 出厂附304螺栓、螺母、密封件,1,,,,,,,,否,,在用,配玻璃钢保护箱,冷凝水,,,,0～500,,,,,,,,,,,,,,,,,,,,,,,,,,,,,,,
PT3323,压力变送器,仪表,,,,,量程-20～500KPa   DN50RF 5m毛细管 单法兰远传EJA438E-JASCJ-912EA-WH22C2SW00-AA25 出厂附304螺栓、螺母、密封件,1,,,,,,,,否,,在用,配玻璃钢保护箱,二次蒸汽,,,,0～500,,,,,,,,,,,,,,,,,,,,,,,,,,,,,,,
PT3324,压力变送器,仪表,,,,,量程0～500KPa    DN50RF 5m毛细管 单法兰远传EJA438E-JHSCJ-912EA-WH22C2SW00-AA25 出厂附304螺栓、螺母、密封件,1,,,,,,,,否,,在用,配玻璃钢保护箱,二次蒸汽,,,,0～500,,,,,,,,,,,,,,,,,,,,,,,,,,,,,,,
PT3328A,压力变送器,仪表,,,,,量程-20～500KPa   DN50RF 5m毛细管 单法兰远传EJA438E-JASCJ-912EA-WH22C2SW00-AA25 出厂附304螺栓、螺母、密封件,2,,,,,,,,否,,在用,配玻璃钢保护箱,二次蒸汽,,,,0～500,,,,,,,,,,,,,,,,,,,,,,,,,,,,,,,
PT3328B,压力变送器,仪表,,,,,量程-20～500KPa   DN50RF 5m毛细管 单法兰远传EJA438E-JASCJ-912EA-WH22C2SW00-AA25 出厂附304螺栓、螺母、密封件,2,,,,,,,,否,,在用,配玻璃钢保护箱,二次蒸汽,,,,0～500,,,,,,,,,,,,,,,,,,,,,,,,,,,,,,,
PT3329A,压力变送器,仪表,,,,,量程0～600KPa   DN50RF 5m毛细管 单法兰远传EJA438E-JASCJ-912EA-WH22C2SW00-AA25 出厂附304螺栓、螺母、密封件,2,,,,,,,,否,,在用,配玻璃钢保护箱,硝浆,,,,0～600,,,,,,,,,,,,,,,,,,,,,,,,,,,,,,,
PT3329B,压力变送器,仪表,,,,,量程0～600KPa   DN50RF 5m毛细管 单法兰远传EJA438E-JASCJ-912EA-WH22C2SW00-AA25 出厂附304螺栓、螺母、密封件,2,,,,,,,,否,,在用,配玻璃钢保护箱,硝浆,,,,0～600,,,,,,,,,,,,,,,,,,,,,,,,,,,,,,,
PT3333A,压力变送器,仪表,,,,,量程-20～500KPa   DN50RF 5m毛细管 单法兰远传EJA438E-JASCJ-912EA-WH22C2SW00-AA25 出厂附304螺栓、螺母、密封件,2,,,,,,,,否,,在用,配玻璃钢保护箱,二次蒸汽,,,,0～500,,,,,,,,,,,,,,,,,,,,,,,,,,,,,,,
PT3333B,压力变送器,仪表,,,,,量程-20～500KPa   DN50RF 5m毛细管 单法兰远传EJA438E-JASCJ-912EA-WH22C2SW00-AA25 出厂附304螺栓、螺母、密封件,2,,,,,,,,否,,在用,配玻璃钢保护箱,二次蒸汽,,,,0～500,,,,,,,,,,,,,,,,,,,,,,,,,,,,,,,
PT3334A,压力变送器,仪表,,,,,量程0～500KPa    DN50RF 5m毛细管 单法兰远传EJA438E-JHSCJ-912EA-WH22C2SW00-AA25 出厂附304螺栓、螺母、密封件,2,,,,,,,,否,,在用,配玻璃钢保护箱,硝浆,,,,0～500,,,,,,,,,,,,,,,,,,,,,,,,,,,,,,,
PT3334B,压力变送器,仪表,,,,,量程0～500KPa    DN50RF 5m毛细管 单法兰远传EJA438E-JHSCJ-912EA-WH22C2SW00-AA25 出厂附304螺栓、螺母、密封件,2,,,,,,,,否,,在用,配玻璃钢保护箱,硝浆,,,,0～500,,,,,,,,,,,,,,,,,,,,,,,,,,,,,,,
PT3330,压力变送器,仪表,,,,,量程0～800KPa   DN50RF 5m毛细管 单法兰远传EJA438E-JASCJ-912EA-WH22C2SW00-AA25 出厂附304螺栓、螺母、密封件,1,,,,,,,,否,,在用,配玻璃钢保护箱,硝浆,,,,0～800,,,,,,,,,,,,,,,,,,,,,,,,,,,,,,,
PT3331,压力变送器,仪表,,,,,量程0～500KPa    DN50RF 5m毛细管 单法兰远传EJA438E-JHSCJ-912EA-WH22C2SW00-AA25 出厂附304螺栓、螺母、密封件,1,,,,,,,,否,,在用,配玻璃钢保护箱,二次蒸汽,,,,0～500,,,,,,,,,,,,,,,,,,,,,,,,,,,,,,,
PT3335,压力变送器,仪表,,,,,量程0～800KPa   DN50RF 5m毛细管 单法兰远传EJA438E-JASCJ-912EA-WH22C2SW00-AA25 出厂附304螺栓、螺母、密封件,1,,,,,,,,否,,在用,配玻璃钢保护箱,硝浆,,,,0～800,,,,,,,,,,,,,,,,,,,,,,,,,,,,,,,
PT3336,压力变送器,仪表,,,,,量程0～500KPa    DN50RF 5m毛细管 单法兰远传EJA438E-JHSCJ-912EA-WH22C2SW00-AA25 出厂附304螺栓、螺母、密封件,1,,,,,,,,否,,在用,配玻璃钢保护箱,二次蒸汽,,,,0～500,,,,,,,,,,,,,,,,,,,,,,,,,,,,,,,
PT3338,压力变送器,仪表,,,,,量程-20～500KPa   DN50RF 5m毛细管 单法兰远传EJA438E-JASCJ-912EA-WH22C2SW00-AA25 出厂附304螺栓、螺母、密封件,1,,,,,,,,否,,在用,配玻璃钢保护箱,二次蒸汽,,,,0～500,,,,,,,,,,,,,,,,,,,,,,,,,,,,,,,
PT3339,压力变送器,仪表,,,,,量程-20～500KPa   DN50RF 5m毛细管 单法兰远传EJA438E-JASCJ-912EA-WH22C2SW00-AA25 出厂附304螺栓、螺母、密封件,1,,,,,,,,否,,在用,配玻璃钢保护箱,二次蒸汽,,,,0～500,,,,,,,,,,,,,,,,,,,,,,,,,,,,,,,
PT3340,压力变送器,仪表,,,,,量程0～500KPa    DN50RF 5m毛细管 单法兰远传EJA438E-JHSCJ-912EA-WH22C2SW00-AA25 出厂附304螺栓、螺母、密封件,1,,,,,,,,否,,在用,配玻璃钢保护箱,冷凝水,,,,0～500,,,,,,,,,,,,,,,,,,,,,,,,,,,,,,,
PT3341,压力变送器,仪表,,,,,量程-20～500KPa   DN50RF 5m毛细管 单法兰远传EJA438E-JASCJ-912EA-WH22C2SW00-AA25 出厂附304螺栓、螺母、密封件,1,,,,,,,,否,,在用,配玻璃钢保护箱,二次蒸汽,,,,0～500,,,,,,,,,,,,,,,,,,,,,,,,,,,,,,,
PT3342,压力变送器,仪表,,,,,量程0～500KPa    DN50RF 5m毛细管 单法兰远传EJA438E-JHSCJ-912EA-WH22C2SW00-AA25 出厂附304螺栓、螺母、密封件,1,,,,,,,,否,,在用,配玻璃钢保护箱,二次蒸汽,,,,0～500,,,,,,,,,,,,,,,,,,,,,,,,,,,,,,,
PT3346A,压力变送器,仪表,,,,,量程-20～500KPa   DN50RF 5m毛细管 单法兰远传EJA438E-JASCJ-912EA-WH22C2SW00-AA25 出厂附304螺栓、螺母、密封件,2,,,,,,,,否,,在用,配玻璃钢保护箱,蒸汽,,,,0～500,,,,,,,,,,,,,,,,,,,,,,,,,,,,,,,
PT3346B,压力变送器,仪表,,,,,量程-20～500KPa   DN50RF 5m毛细管 单法兰远传EJA438E-JASCJ-912EA-WH22C2SW00-AA25 出厂附304螺栓、螺母、密封件,2,,,,,,,,否,,在用,配玻璃钢保护箱,蒸汽,,,,0～500,,,,,,,,,,,,,,,,,,,,,,,,,,,,,,,
PT3347A,压力变送器,仪表,,,,,量程0～500KPa    DN50RF 5m毛细管 单法兰远传EJA438E-JHSCJ-912EA-WH22C2SW00-AA25 出厂附304螺栓、螺母、密封件,2,,,,,,,,否,,在用,配玻璃钢保护箱,硝浆,,,,0～500,,,,,,,,,,,,,,,,,,,,,,,,,,,,,,,
PT3347B,压力变送器,仪表,,,,,量程0～500KPa    DN50RF 5m毛细管 单法兰远传EJA438E-JHSCJ-912EA-WH22C2SW00-AA25 出厂附304螺栓、螺母、密封件,2,,,,,,,,否,,在用,配玻璃钢保护箱,硝浆,,,,0～500,,,,,,,,,,,,,,,,,,,,,,,,,,,,,,,
PT3348,压力变送器,仪表,,,,,量程0～800KPa   DN50RF 5m毛细管 单法兰远传EJA438E-JASCJ-912EA-WH22C2SW00-AA25  出厂附304螺栓、螺母、密封件,1,,,,,,,,否,,在用,配玻璃钢保护箱,硝浆,,,,0～800,,,,,,,,,,,,,,,,,,,,,,,,,,,,,,,
PT3349,压力变送器,仪表,,,,,量程0～500KPa    DN50RF 5m毛细管 单法兰远传EJA438E-JHSCJ-912EA-WH22C2SW00-AA25  出厂附304螺栓、螺母、密封件,1,,,,,,,,否,,在用,配玻璃钢保护箱,二次蒸汽,,,,0～500,,,,,,,,,,,,,,,,,,,,,,,,,,,,,,,
PT3355,压力变送器,仪表,,,,,量程0～30KPa     DN50RF 5m毛细管 单法兰远传EJA438E-JHSCJ-912EA-WH22C2SW00-AA25  出厂附304螺栓、螺母、密封件,1,,,,,,,,否,,在用,配玻璃钢保护箱,空气,,,,0～30,,,,,,,,,,,,,,,,,,,,,,,,,,,,,,,
PT3356,压力变送器,仪表,,,,,量程0～30KPa     DN50RF 5m毛细管 单法兰远传EJA438E-JHSCJ-912EA-WH22C2SW00-AA25  出厂附304螺栓、螺母、密封件,1,,,,,,,,否,,在用,配玻璃钢保护箱,空气,,,,0～30,,,,,,,,,,,,,,,,,,,,,,,,,,,,,,,
PT3357,压力变送器,仪表,,,,,量程0～30KPa     DN50RF 5m毛细管 单法兰远传EJA438E-JHSCJ-912EA-WH22C2SW00-AA25  出厂附304螺栓、螺母、密封件,1,,,,,,,,否,,在用,配玻璃钢保护箱,含盐空气,,,,0～30,,,,,,,,,,,,,,,,,,,,,,,,,,,,,,,
PT3358,压力变送器,仪表,,,,,量程0～30KPa     DN50RF 5m毛细管 单法兰远传EJA438E-JHSCJ-912EA-WH22C2SW00-AA25  出厂附304螺栓、螺母、密封件,1,,,,,,,,否,,在用,配玻璃钢保护箱,含盐空气,,,,0～30,,,,,,,,,,,,,,,,,,,,,,,,,,,,,,,
PT3359,压力变送器,仪表,,,,,量程0～600KPa   DN50RF 5m毛细管 单法兰远传EJA438E-JASCJ-912EA-WH22C2SW00-AA25  出厂附304螺栓、螺母、密封件,1,,,,,,,,否,,在用,配玻璃钢保护箱,水,,,,0～600,,,,,,,,,,,,,,,,,,,,,,,,,,,,,,,
PT3360,压力变送器,仪表,,,,,量程0～1000KPa  DN50RF 5m毛细管 单法兰远传EJA438E-JASCJ-912EA-WH22C2SW00-AA25  出厂附304螺栓、螺母、密封件,1,,,,,,,,否,,在用,配玻璃钢保护箱,空气,,,,0～1000,,,,,,,,,,,,,,,,,,,,,,,,,,,,,,,
待定-0025,压力变送器,仪表,,,,,量程0～10MPa  终端接头规格1/2 NPT 带焊接头 引压管导压、立柱安装 EJA430E-JBS4J-914EA,6,,,,,,,,否,,在用,数量：6,油,,,,0～10,,,,,,,,,,,,,,,,,,,,,,,,,,,,,,,
PT3371A,压力变送器,仪表,,,,,量程0～1MPa   终端接头规格1/2 NPT 带焊接头 引压管导压、立柱安装 EJA430E-JAS4J-914EA,2,,,,,,,,否,,在用,,油,,,,0～1,,,,,,,,,,,,,,,,,,,,,,,,,,,,,,,
PT3371B,压力变送器,仪表,,,,,量程0～1MPa   终端接头规格1/2 NPT 带焊接头 引压管导压、立柱安装 EJA430E-JAS4J-914EA,2,,,,,,,,否,,在用,,油,,,,0～1,,,,,,,,,,,,,,,,,,,,,,,,,,,,,,,
LT3115,压力变送器,仪表,,,,,量程0～48KPa（0-4000mm）  DN50RF 5m毛细管 单法兰远传EJA438E-JHSCJ-912EA-WH22C2SW00-AA25  出厂附304螺栓、螺母、密封件,1,,,,,,,,否,,在用,配玻璃钢保护箱,硝水,,,,0～48,,,,,,,,,,,,,,,,,,,,,,,,,,,,,,,
LT3116,压力变送器,仪表,,,,,量程0～20KPa（0-2000mm）  DN50RF 5m毛细管 单法兰远传EJA438E-JHSCJ-912EA-WH22C2SW00-AA25  出厂附304螺栓、螺母、密封件,1,,,,,,,,否,,在用,配玻璃钢保护箱,冷凝水,,,,0～20,,,,,,,,,,,,,,,,,,,,,,,,,,,,,,,
待定-0027,压力变送器,仪表,,,,,量程0～500KPa   DN50RF 5m毛细管 单法兰远传EJA438E-JHSCJ-912EA-WH22C2SW00-AA25  出厂附304螺栓、螺母、密封件,1,,,,,,,,否,,在用,配玻璃钢保护箱,,,,,0～500,,,,,,,,,,,,,,,,,,,,,,,,,,,,,,,
待定-0029,压力变送器,仪表,,,,,量程0～800KPa   DN50RF 5m毛细管 单法兰远传EJA438E-JASCJ-912EA-WH22C2SW00-AA25  出厂附304螺栓、螺母、密封件,1,,,,,,,,否,,在用,配玻璃钢保护箱,,,,,0～800,,,,,,,,,,,,,,,,,,,,,,,,,,,,,,,
待定-0031,压力变送器,仪表,,,,,量程-20～500KPa   DN50RF 5m毛细管 单法兰远传EJA438E-JASCJ-912EA-WH22C2SW00-AA25  出厂附304螺栓、螺母、密封件,1,,,,,,,,否,,在用,配玻璃钢保护箱,,,,,0～500,,,,,,,,,,,,,,,,,,,,,,,,,,,,,,,
FT3202,靶式流量计,仪表,,,,,KPM05F/RRL/M9/00/ESK   DN50PN40 夹持型 出厂配套夹持安装法兰附件  量程0～25m3/h,1,,,,,,,,否,,在用,DN65偏离为DN50,冷凝水,,,,05,,,,,,,,,,,,,,,,,,,,,,,,,,,,,,,
FT3203,靶式流量计,仪表,,,,,KPM05F/RRL/M9/00/ESK   DN50PN40 夹持型 出厂配套夹持安装法兰附件  量程0～25m3/h,1,,,,,,,,否,,在用,DN65偏离为DN50,冷凝水,,,,05,,,,,,,,,,,,,,,,,,,,,,,,,,,,,,,
FT3227,靶式流量计,仪表,,,,,KPM04F/RRL/M9/00/ESK   DN40PN40  夹持型 出厂配套夹持安装法兰附件 量程0～15m3/h,1,,,,,,,,否,,在用,,冷凝水,,,,04,,,,,,,,,,,,,,,,,,,,,,,,,,,,,,,
FT3231,靶式流量计,仪表,,,,,KPM05F/RRL/M9/00/ESK   DN50PN40  夹持型 出厂配套夹持安装法兰附件 量程0～25m3/h,1,,,,,,,,否,,在用,DN65偏离为DN50,冷凝水,,,,05,,,,,,,,,,,,,,,,,,,,,,,,,,,,,,,
FT3232,靶式流量计,仪表,,,,,KPM05F/RRL/M9/00/ESK   DN50PN40  夹持型 出厂配套夹持安装法兰附件 量程0～25m3/h,1,,,,,,,,否,,在用,DN65偏离为DN50,冷凝水,,,,05,,,,,,,,,,,,,,,,,,,,,,,,,,,,,,,
FT3251,靶式流量计,仪表,,,,,KPM04F/RRL/M9/00/ESK   DN40PN40 夹持型  出厂配套夹持安装法兰附件 量程0～15m3/h,1,,,,,,,,否,,在用,,冷凝水,,,,04,,,,,,,,,,,,,,,,,,,,,,,,,,,,,,,
FT3255,靶式流量计,仪表,,,,,KPM05F/RRL/M9/00/ESK   DN50PN40 夹持型 出厂配套夹持安装法兰附件  量程0～25m3/h,1,,,,,,,,否,,在用,DN65偏离为DN50,冷凝水,,,,05,,,,,,,,,,,,,,,,,,,,,,,,,,,,,,,
FT3256,靶式流量计,仪表,,,,,KPM05F/RRL/M9/00/ESK   DN50PN40 夹持型 出厂配套夹持安装法兰附件  量程0～25m3/h,1,,,,,,,,否,,在用,DN65偏离为DN50,冷凝水,,,,05,,,,,,,,,,,,,,,,,,,,,,,,,,,,,,,
FT3269,靶式流量计,仪表,,,,,KPM05F/RRL/M9/00/ESK   DN40PN40 夹持型 出厂配套夹持安装法兰附件  量程0～15m3/h,1,,,,,,,,否,,在用,工艺流量最大12m3/h，量程0~15m3/h即可,冷凝水,,,,05,,,,,,,,,,,,,,,,,,,,,,,,,,,,,,,
FT3201,平衡流量计(变送器要求EJA、）,仪表,,,,,MBF4131121SG05/EJA110E  量程0～30t/h  DN400,1,,,,,,,,否,,在用,附：CS用户法兰 板式平焊  PN16压力等级、螺栓、螺母、密封件,蒸汽,,,,05,,,,,,,,,,,,,,,,,,,,,,,,,,,,,,,
FT3205,平衡流量计(变送器要求EJA、）,仪表,,,,,MBF4114441SG05/EJA110E 量程0～720m3/h  DN350,1,,,,,,,,否,,在用,附：321用户法兰 板式平焊  PN16压力等级、304螺栓、螺母、密封件,冷却水,,,,05,,,,,,,,,,,,,,,,,,,,,,,,,,,,,,,
FT3210,平衡流量计(变送器要求EJA、）,仪表,,,,,MBF4114441SG05/EJA110E 量程0～150m3/h  DN150,1,,,,,,,,否,,在用,附：321用户法兰 板式平焊  PN16压力等级、304螺栓、螺母、密封件,冷凝水,,,,05,,,,,,,,,,,,,,,,,,,,,,,,,,,,,,,
FT3223,平衡流量计(变送器要求EJA、）,仪表,,,,,MBF4114441SG05/EJA110E 量程0～90m3/h  DN200,1,,,,,,,,否,,在用,附：321用户法兰 板式平焊  PN16压力等级、304螺栓、螺母、密封件,冷凝水,,,,05,,,,,,,,,,,,,,,,,,,,,,,,,,,,,,,
FT3224,平衡流量计(变送器要求EJA、）,仪表,,,,,MBF4114441SG05/EJA110E 量程0～90m3/h  DN200,1,,,,,,,,否,,在用,附：321用户法兰 板式平焊  PN16压力等级、304螺栓、螺母、密封件,冷凝水,,,,05,,,,,,,,,,,,,,,,,,,,,,,,,,,,,,,
FT3226,平衡流量计(变送器要求EJA、）,仪表,,,,,MBF4114441SG05/EJA110E 量程0～180m3/h  DN150,1,,,,,,,,否,,在用,附：321用户法兰 板式平焊  PN16压力等级、304螺栓、螺母、密封件,冷凝水,,,,05,,,,,,,,,,,,,,,,,,,,,,,,,,,,,,,
FT3234,平衡流量计(变送器要求EJA、）,仪表,,,,,MBF4114441SG05/EJA110E 量程0～150m3/h  DN150,1,,,,,,,,否,,在用,附：321用户法兰 板式平焊  PN16压力等级、304螺栓、螺母、密封件,冷凝水,,,,05,,,,,,,,,,,,,,,,,,,,,,,,,,,,,,,
FT3247,平衡流量计(变送器要求EJA、）,仪表,,,,,MBF4114441SG05/EJA110E 量程0～90m3/h  DN200,1,,,,,,,,否,,在用,附：321用户法兰 板式平焊  PN16压力等级、304螺栓、螺母、密封件,冷凝水,,,,05,,,,,,,,,,,,,,,,,,,,,,,,,,,,,,,
FT3248,平衡流量计(变送器要求EJA、）,仪表,,,,,MBF4114441SG05/EJA110E 量程0～90m3/h  DN200,1,,,,,,,,否,,在用,附：321用户法兰 板式平焊  PN16压力等级、304螺栓、螺母、密封件,冷凝水,,,,05,,,,,,,,,,,,,,,,,,,,,,,,,,,,,,,
FT3250,平衡流量计(变送器要求EJA、）,仪表,,,,,MBF4114441SG05/EJA110E 量程0～180m3/h  DN150,1,,,,,,,,否,,在用,附：321用户法兰 板式平焊  PN16压力等级、304螺栓、螺母、密封件,冷凝水,,,,05,,,,,,,,,,,,,,,,,,,,,,,,,,,,,,,
FT3259,平衡流量计(变送器要求EJA、）,仪表,,,,,MBF4114441SG05/EJA110E 量程0～150m3/h  DN150,1,,,,,,,,否,,在用,附：321用户法兰 板式平焊  PN16压力等级、304螺栓、螺母、密封件,冷凝水,,,,05,,,,,,,,,,,,,,,,,,,,,,,,,,,,,,,
FT3266,平衡流量计(变送器要求EJA、）,仪表,,,,,MBF4114441SG05/EJA110E 量程0～160m3/h  DN300,1,,,,,,,,否,,在用,附：321用户法兰 板式平焊  PN16压力等级、304螺栓、螺母、密封件,冷凝水,,,,05,,,,,,,,,,,,,,,,,,,,,,,,,,,,,,,
FT3274,平衡流量计(变送器要求EJA、）,仪表,,,,,MBF4114441SG05/EJA110E 量程0～80m3/h  DN100,1,,,,,,,,否,,在用,附：321用户法兰 板式平焊  PN16压力等级、304螺栓、螺母、密封件,冷凝水,,,,05,,,,,,,,,,,,,,,,,,,,,,,,,,,,,,,
FT3278,平衡流量计(变送器要求EJA、）,仪表,,,,,MBF4114441SG05/EJA110E 量程0～150m3/h  DN150,1,,,,,,,,否,,在用,附：321用户法兰 板式平焊  PN16压力等级、304螺栓、螺母、密封件,冷凝水,,,,05,,,,,,,,,,,,,,,,,,,,,,,,,,,,,,,
FT3279,皮托管流量计（配EJA变送器）,仪表,,,,,KDP-P-R-120-X10DE0 量程0～180t/h  插入式安装   DN1200 材质316/316L 包含皮托管本体、上法兰、安装座、相关紧固件、根部截止阀、垫片、冷凝罐、三阀组、EJA差压变送器,1,,,,,,,,否,,在用,,二次蒸汽,,,,0～180,,,,,,,,,,,,,,,,,,,,,,,,,,,,,,,
FT3280,皮托管流量计（配EJA变送器）,仪表,,,,,KDP-P-R-120-X10DE0 量程0～180t/h  插入式安装   DN1200 材质316/316L 包含皮托管本体、上法兰、安装座、相关紧固件、根部截止阀、垫片、冷凝罐、三阀组、EJA差压变送器,1,,,,,,,,否,,在用,,二次蒸汽,,,,0～180,,,,,,,,,,,,,,,,,,,,,,,,,,,,,,,
FT3281,皮托管流量计（配EJA变送器）,仪表,,,,,KDP-P-R-120-X10DE0 量程0～180t/h  插入式安装   DN1200 材质316/316L 包含皮托管本体、上法兰、安装座、相关紧固件、根部截止阀、垫片、冷凝罐、三阀组、EJA差压变送器,1,,,,,,,,否,,在用,,二次蒸汽,,,,0～180,,,,,,,,,,,,,,,,,,,,,,,,,,,,,,,
FT3206,电磁流量计,仪表,,,,,AXW100-GA000BE2FL214B-1JA12/GRN/SCT/CH 量程0～80m3/h  DN100  316L电极,1,,,,,,,,否,,在用,附：321用户法兰 板式平焊  PN16压力等级、304螺栓、螺母、密封件,冷却水,,,,00,,,,,,,,,,,,,,,,,,,,,,,,,,,,,,,
FT3207,电磁流量计,仪表,,,,,AXW100-GA000BE2FL214B-1JA12/GRN/SCT/CH 量程0～60m3/h  DN100  316L电极,1,,,,,,,,否,,在用,附：321用户法兰 板式平焊  PN16压力等级、304螺栓、螺母、密封件,冷却水,,,,00,,,,,,,,,,,,,,,,,,,,,,,,,,,,,,,
FT3208,电磁流量计,仪表,,,,,AXG150-GA000BE2AV214B-1JA12/GRV/SCT/CH 量程0～160m3/h  DN150 Ti电极,1,,,,,,,,否,,在用,附：321用户法兰 板式平焊  PN16压力等级、304螺栓、螺母、密封件,硝水,,,,000,,,,,,,,,,,,,,,,,,,,,,,,,,,,,,,
FT3212,电磁流量计,仪表,,,,,AXG065-GA000BE2AV214B-1JA12/GRV/SCT/CH 量程0～35m3/h  DN65  Ti电极,1,,,,,,,,否,,在用,附：321用户法兰 板式平焊  PN16压力等级、304螺栓、螺母、密封件,硝水,,,,065,,,,,,,,,,,,,,,,,,,,,,,,,,,,,,,
FT3213,电磁流量计,仪表,,,,,AXG080-GA000BE2AV214B-1JA12/GRV/SCT/CH 量程0～50m3/h  DN80 Ti电极,1,,,,,,,,否,,在用,附：321用户法兰 板式平焊  PN16压力等级、304螺栓、螺母、密封件,硝水,,,,080,,,,,,,,,,,,,,,,,,,,,,,,,,,,,,,
FT3218,电磁流量计,仪表,,,,,AXG065-GA000BE2AV214B-1JA12/GRV/SCT/CH 量程0～35m3/h  DN65 Ti电极,1,,,,,,,,否,,在用,附：321用户法兰 板式平焊  PN16压力等级、304螺栓、螺母、密封件,硝水,,,,065,,,,,,,,,,,,,,,,,,,,,,,,,,,,,,,
FT3219,电磁流量计,仪表,,,,,AXG080-GA000BE2AV214B-1JA12/GRV/SCT/CH 量程0～50m3/h  DN80 Ti电极,1,,,,,,,,否,,在用,硝水，316L电极偏离为Ti电极请确认  附：321用户法兰 板式平焊  PN16压力等级、304螺栓、螺母、密封件,硝水,,,,080,,,,,,,,,,,,,,,,,,,,,,,,,,,,,,,
FT3228,电磁流量计,仪表,,,,,AXW100-GA000BE2FL214B-1JA12/GRN/SCT/CH 量程0～80m3/h  DN100 316L电极,1,,,,,,,,否,,在用,附：321用户法兰 板式平焊  PN16压力等级、304螺栓、螺母、密封件,冷却水,,,,00,,,,,,,,,,,,,,,,,,,,,,,,,,,,,,,
FT3229,电磁流量计,仪表,,,,,AXW100-GA000BE2FL214B-1JA12/GRN/SCT/CH 量程0～60m3/h  DN100  316L电极,1,,,,,,,,否,,在用,附：321用户法兰 板式平焊  PN16压力等级、304螺栓、螺母、密封件,冷却水,,,,00,,,,,,,,,,,,,,,,,,,,,,,,,,,,,,,
FT3230,电磁流量计,仪表,,,,,AXG150-GA000BE2AV214B-1JA12/GRV/SCT/CH 量程0～160m3/h  DN150 Ti电极,1,,,,,,,,否,,在用,附：321用户法兰 板式平焊  PN16压力等级、304螺栓、螺母、密封件,硝水,,,,000,,,,,,,,,,,,,,,,,,,,,,,,,,,,,,,
FT3236,电磁流量计,仪表,,,,,AXG065-GA000BE2AV214B-1JA12/GRV/SCT/CH 量程0～35m3/h  DN65 Ti电极,1,,,,,,,,否,,在用,附：321用户法兰 板式平焊  PN16压力等级、304螺栓、螺母、密封件,硝水,,,,065,,,,,,,,,,,,,,,,,,,,,,,,,,,,,,,
FT3237,电磁流量计,仪表,,,,,AXG080-GA000BE2AV214B-1JA12/GRV/SCT/CH 量程0～50m3/h  DN80 Ti电极,1,,,,,,,,否,,在用,附：321用户法兰 板式平焊  PN16压力等级、304螺栓、螺母、密封件,硝浆,,,,080,,,,,,,,,,,,,,,,,,,,,,,,,,,,,,,
FT3242,电磁流量计,仪表,,,,,AXG065-GA000BE2AV214B-1JA12/GRV/SCT/CH 量程0～35m3/h  DN65 Ti电极,1,,,,,,,,否,,在用,附：321用户法兰 板式平焊  PN16压力等级、304螺栓、螺母、密封件,硝水,,,,065,,,,,,,,,,,,,,,,,,,,,,,,,,,,,,,
FT3243,电磁流量计,仪表,,,,,AXG080-GA000BE2AV214B-1JA12/GRV/SCT/CH 量程0～50m3/h  DN80 Ti电极,1,,,,,,,,否,,在用,附：321用户法兰 板式平焊  PN16压力等级、304螺栓、螺母、密封件,硝浆,,,,080,,,,,,,,,,,,,,,,,,,,,,,,,,,,,,,
FT3252,电磁流量计,仪表,,,,,AXW100-GA000BE2FL214B-1JA12/GRN/SCT/CH 量程0～80m3/h  DN100 316L电极,1,,,,,,,,否,,在用,附：321用户法兰 板式平焊  PN16压力等级、304螺栓、螺母、密封件,冷却水,,,,00,,,,,,,,,,,,,,,,,,,,,,,,,,,,,,,
FT3253,电磁流量计,仪表,,,,,AXW100-GA000BE2FL214B-1JA12/GRN/SCT/CH 量程0～80m3/h  DN100 316L电极,1,,,,,,,,否,,在用,附：321用户法兰 板式平焊  PN16压力等级、304螺栓、螺母、密封件,冷却水,,,,00,,,,,,,,,,,,,,,,,,,,,,,,,,,,,,,
FT3254,电磁流量计,仪表,,,,,AXG150-GA000BE2AV214B-1JA12/GRV/SCT/CH 量程0～160m3/h  DN150 Ti电极,1,,,,,,,,否,,在用,附：321用户法兰 板式平焊  PN16压力等级、304螺栓、螺母、密封件,硝水,,,,000,,,,,,,,,,,,,,,,,,,,,,,,,,,,,,,
FT3261,电磁流量计,仪表,,,,,AXG100-GA000BE2AV214B-1JA12/GRV/SCT/CH 量程0～70m3/h  DN100 Ti电极,1,,,,,,,,否,,在用,附：321用户法兰 板式平焊  PN16压力等级、304螺栓、螺母、密封件,硝水,,,,00,,,,,,,,,,,,,,,,,,,,,,,,,,,,,,,
FT3262,电磁流量计,仪表,,,,,AXG125-GA000BE2AV214B-1JA12/GRV/SCT/CH 量程0～90m3/h  DN125 Ti电极,1,,,,,,,,否,,在用,附：321用户法兰 板式平焊  PN16压力等级、304螺栓、螺母、密封件,硝浆,,,,000,,,,,,,,,,,,,,,,,,,,,,,,,,,,,,,
FT3276,电磁流量计,仪表,,,,,AXW150-GA000BE2FL214B-1JA12/GRN/SCT/CH 量程0～120m3/h DN150 316L电极,1,,,,,,,,否,,在用,附：321用户法兰 板式平焊  PN16压力等级、304螺栓、螺母、密封件,冷却水,,,,000,,,,,,,,,,,,,,,,,,,,,,,,,,,,,,,
FT3277,电磁流量计,仪表,,,,,AXG150-GA000BE2AV214B-1JA12/GRV/SCT/CH 量程0～160m3/h  DN150 Ti电极,1,,,,,,,,否,,在用,附：321用户法兰 板式平焊  PN16压力等级、304螺栓、螺母、密封件,硝水,,,,000,,,,,,,,,,,,,,,,,,,,,,,,,,,,,,,
FT3216,金属管浮子流量计,仪表,,,,,DK250/RR/M40/ESK4 DN20PN40 量程0～2.5m3/h  不带压力表,1,,,,,,,,否,,在用,附：321用户法兰 板式平焊  PN16压力等级、304螺栓螺母、密封件,冷凝水,,,,0～2.5,,,,,,,,,,,,,,,,,,,,,,,,,,,,,,,
FT3222,金属管浮子流量计,仪表,,,,,DK250/RR/M40/ESK4 DN20PN40 量程0～2.5m3/h  不带压力表,1,,,,,,,,否,,在用,附：321用户法兰 板式平焊  PN16压力等级、304螺栓螺母、密封件,冷凝水,,,,0～2.5,,,,,,,,,,,,,,,,,,,,,,,,,,,,,,,
FT3240,金属管浮子流量计,仪表,,,,,DK250/RR/M40/ESK4 DN20PN40 量程0～2.5m3/h  不带压力表,1,,,,,,,,否,,在用,附：321用户法兰 板式平焊  PN16压力等级、304螺栓螺母、密封件,冷凝水,,,,0～2.5,,,,,,,,,,,,,,,,,,,,,,,,,,,,,,,
FT3246,金属管浮子流量计,仪表,,,,,DK250/RR/M40/ESK4 DN20PN40 量程0～2.5m3/h   不带压力表,1,,,,,,,,否,,在用,附：321用户法兰 板式平焊  PN16压力等级、304螺栓螺母、密封件,冷凝水,,,,0～2.5,,,,,,,,,,,,,,,,,,,,,,,,,,,,,,,
FT3265,金属管浮子流量计,仪表,,,,,DK250/RR/M40/ESK4 DN25PN40 量程0～4m3/h     不带压力表,1,,,,,,,,否,,在用,附：321用户法兰 板式平焊  PN16压力等级、304螺栓螺母、密封件,冷凝水,,,,0～4,,,,,,,,,,,,,,,,,,,,,,,,,,,,,,,
FI3270A,金属管浮子流量计,仪表,,,,,DK250/RR/M40  DN25PN40  就地  量程0～6m3/h     不带压力表,1,,,,,,,,否,,在用,附：321用户法兰 板式平焊  PN16压力等级、304螺栓螺母、密封件,冷凝水,,,,0～6,,,,,,,,,,,,,,,,,,,,,,,,,,,,,,,
FI3270B,金属管浮子流量计,仪表,,,,,DK250/RR/M40  DN25PN40  就地  量程0～6m3/h     不带压力表,1,,,,,,,,否,,在用,附：321用户法兰 板式平焊  PN16压力等级、304螺栓螺母、密封件,冷凝水,,,,0～6,,,,,,,,,,,,,,,,,,,,,,,,,,,,,,,
FI3270C,金属管浮子流量计,仪表,,,,,DK250/RR/M40  DN25PN40  就地  量程0～6m3/h     不带压力表,1,,,,,,,,否,,在用,附：321用户法兰 板式平焊  PN16压力等级、304螺栓螺母、密封件,冷凝水,,,,0～6,,,,,,,,,,,,,,,,,,,,,,,,,,,,,,,
FI3270D,金属管浮子流量计,仪表,,,,,DK250/RR/M40  DN25PN40  就地  量程0～6m3/h     不带压力表,1,,,,,,,,否,,在用,附：321用户法兰 板式平焊  PN16压力等级、304螺栓螺母、密封件,冷凝水,,,,0～6,,,,,,,,,,,,,,,,,,,,,,,,,,,,,,,
FI3270E,金属管浮子流量计,仪表,,,,,DK250/RR/M40  DN25PN40  就地  量程0～6m3/h     不带压力表,1,,,,,,,,否,,在用,附：321用户法兰 板式平焊  PN16压力等级、304螺栓螺母、密封件,冷凝水,,,,0～6,,,,,,,,,,,,,,,,,,,,,,,,,,,,,,,
FS3209A,流量开关,仪表,,,,,FB20-025HMM,2,,,,,,,,否,,在用,,冷凝水,,,,0-025,,,,,,,,,,,,,,,,,,,,,,,,,,,,,,,
FS3209B,流量开关,仪表,,,,,FB20-025HMM,2,,,,,,,,否,,在用,,冷凝水,,,,0-025,,,,,,,,,,,,,,,,,,,,,,,,,,,,,,,
FS3211A,流量开关,仪表,,,,,FB20-025HMM,2,,,,,,,,否,,在用,,冷凝水,,,,0-025,,,,,,,,,,,,,,,,,,,,,,,,,,,,,,,
FS3211B,流量开关,仪表,,,,,FB20-025HMM,2,,,,,,,,否,,在用,,冷凝水,,,,0-025,,,,,,,,,,,,,,,,,,,,,,,,,,,,,,,
FS3217A,流量开关,仪表,,,,,FB20-025HMM,2,,,,,,,,否,,在用,,冷凝水,,,,0-025,,,,,,,,,,,,,,,,,,,,,,,,,,,,,,,
FS3217B,流量开关,仪表,,,,,FB20-025HMM,2,,,,,,,,否,,在用,,冷凝水,,,,0-025,,,,,,,,,,,,,,,,,,,,,,,,,,,,,,,
FS3225A,流量开关,仪表,,,,,FB20-025HMM,2,,,,,,,,否,,在用,,冷凝水,,,,0-025,,,,,,,,,,,,,,,,,,,,,,,,,,,,,,,
FS3225B,流量开关,仪表,,,,,FB20-025HMM,2,,,,,,,,否,,在用,,冷凝水,,,,0-025,,,,,,,,,,,,,,,,,,,,,,,,,,,,,,,
FS3233A,流量开关,仪表,,,,,FB20-025HMM,2,,,,,,,,否,,在用,,冷凝水,,,,0-025,,,,,,,,,,,,,,,,,,,,,,,,,,,,,,,
FS3233B,流量开关,仪表,,,,,FB20-025HMM,2,,,,,,,,否,,在用,,冷凝水,,,,0-025,,,,,,,,,,,,,,,,,,,,,,,,,,,,,,,
FS3235A,流量开关,仪表,,,,,FB20-025HMM,2,,,,,,,,否,,在用,,冷凝水,,,,0-025,,,,,,,,,,,,,,,,,,,,,,,,,,,,,,,
FS3235B,流量开关,仪表,,,,,FB20-025HMM,2,,,,,,,,否,,在用,,冷凝水,,,,0-025,,,,,,,,,,,,,,,,,,,,,,,,,,,,,,,
FS3241A,流量开关,仪表,,,,,FB20-025HMM,2,,,,,,,,否,,在用,,冷凝水,,,,0-025,,,,,,,,,,,,,,,,,,,,,,,,,,,,,,,
FS3241B,流量开关,仪表,,,,,FB20-025HMM,2,,,,,,,,否,,在用,,冷凝水,,,,0-025,,,,,,,,,,,,,,,,,,,,,,,,,,,,,,,
FS3249A,流量开关,仪表,,,,,FB20-025HMM,2,,,,,,,,否,,在用,,冷凝水,,,,0-025,,,,,,,,,,,,,,,,,,,,,,,,,,,,,,,
FS3249B,流量开关,仪表,,,,,FB20-025HMM,2,,,,,,,,否,,在用,,冷凝水,,,,0-025,,,,,,,,,,,,,,,,,,,,,,,,,,,,,,,
FS3258A,流量开关,仪表,,,,,FB20-025HMM,2,,,,,,,,否,,在用,,冷凝水,,,,0-025,,,,,,,,,,,,,,,,,,,,,,,,,,,,,,,
FS3258B,流量开关,仪表,,,,,FB20-025HMM,2,,,,,,,,否,,在用,,冷凝水,,,,0-025,,,,,,,,,,,,,,,,,,,,,,,,,,,,,,,
FS3260A,流量开关,仪表,,,,,FB20-025HMM,2,,,,,,,,否,,在用,,冷凝水,,,,0-025,,,,,,,,,,,,,,,,,,,,,,,,,,,,,,,
FS3260B,流量开关,仪表,,,,,FB20-025HMM,2,,,,,,,,否,,在用,,冷凝水,,,,0-025,,,,,,,,,,,,,,,,,,,,,,,,,,,,,,,
FS3267A,流量开关,仪表,,,,,FB20-025HMM,2,,,,,,,,否,,在用,,冷凝水,,,,0-025,,,,,,,,,,,,,,,,,,,,,,,,,,,,,,,
FS3267B,流量开关,仪表,,,,,FB20-025HMM,2,,,,,,,,否,,在用,,冷凝水,,,,0-025,,,,,,,,,,,,,,,,,,,,,,,,,,,,,,,
FS3272A,流量开关,仪表,,,,,FB20-025HMM,2,,,,,,,,否,,在用,,冷凝水,,,,0-025,,,,,,,,,,,,,,,,,,,,,,,,,,,,,,,
FS3272B,流量开关,仪表,,,,,FB20-025HMM,2,,,,,,,,否,,在用,,冷凝水,,,,0-025,,,,,,,,,,,,,,,,,,,,,,,,,,,,,,,
FS3275A,流量开关,仪表,,,,,FB20-025HMM,2,,,,,,,,否,,在用,,冷凝水,,,,0-025,,,,,,,,,,,,,,,,,,,,,,,,,,,,,,,
FS3275B,流量开关,仪表,,,,,FB20-025HMM,2,,,,,,,,否,,在用,,冷凝水,,,,0-025,,,,,,,,,,,,,,,,,,,,,,,,,,,,,,,
FS3214,密封水流量计,仪表,,,,,DK250/RRL/M40/K1 DN15PN40 316L材质 量程0～80L/h,1,,,,,,,,否,,在用,附：321用户法兰 板式平焊  PN16压力等级、螺栓螺母、密封件,冷凝水,,,,0 316,,,,,,,,,,,,,,,,,,,,,,,,,,,,,,,
FS3215A,密封水流量计,仪表,,,,,DK250/RRL/M40/K1 DN15PN40 316L材质 量程0～80L/h,2,,,,,,,,否,,在用,附：321用户法兰 板式平焊  PN16压力等级、螺栓螺母、密封件,冷凝水,,,,0 316,,,,,,,,,,,,,,,,,,,,,,,,,,,,,,,
FS3215B,密封水流量计,仪表,,,,,DK250/RRL/M40/K1 DN15PN40 316L材质 量程0～80L/h,2,,,,,,,,否,,在用,附：321用户法兰 板式平焊  PN16压力等级、螺栓螺母、密封件,冷凝水,,,,0 316,,,,,,,,,,,,,,,,,,,,,,,,,,,,,,,
FS3220,密封水流量计,仪表,,,,,DK250/RRL/M40/K1 DN15PN40 316L材质 量程0～80L/h,1,,,,,,,,否,,在用,附：321用户法兰 板式平焊  PN16压力等级、螺栓螺母、密封件,冷凝水,,,,0 316,,,,,,,,,,,,,,,,,,,,,,,,,,,,,,,
FS3222A,密封水流量计,仪表,,,,,DK250/RRL/M40/K1 DN15PN40 316L材质 量程0～80L/h,2,,,,,,,,否,,在用,附：321用户法兰 板式平焊  PN16压力等级、螺栓螺母、密封件,冷凝水,,,,0 316,,,,,,,,,,,,,,,,,,,,,,,,,,,,,,,
FS3222B,密封水流量计,仪表,,,,,DK250/RRL/M40/K1 DN15PN40 316L材质 量程0～80L/h,2,,,,,,,,否,,在用,附：321用户法兰 板式平焊  PN16压力等级、螺栓螺母、密封件,冷凝水,,,,0 316,,,,,,,,,,,,,,,,,,,,,,,,,,,,,,,
FS3239A,密封水流量计,仪表,,,,,DK250/RRL/M40/K1 DN15PN40 316L材质 量程0～80L/h,2,,,,,,,,否,,在用,附：321用户法兰 板式平焊  PN16压力等级、螺栓螺母、密封件,冷凝水,,,,0 316,,,,,,,,,,,,,,,,,,,,,,,,,,,,,,,
FS3239B,密封水流量计,仪表,,,,,DK250/RRL/M40/K1 DN15PN40 316L材质 量程0～80L/h,2,,,,,,,,否,,在用,附：321用户法兰 板式平焊  PN16压力等级、螺栓螺母、密封件,冷凝水,,,,0 316,,,,,,,,,,,,,,,,,,,,,,,,,,,,,,,
FS3245A,密封水流量计,仪表,,,,,DK250/RRL/M40/K1 DN15PN40 316L材质 量程0～80L/h,2,,,,,,,,否,,在用,附：321用户法兰 板式平焊  PN16压力等级、螺栓螺母、密封件,冷凝水,,,,0 316,,,,,,,,,,,,,,,,,,,,,,,,,,,,,,,
FS3245B,密封水流量计,仪表,,,,,DK250/RRL/M40/K1 DN15PN40 316L材质 量程0～80L/h,2,,,,,,,,否,,在用,附：321用户法兰 板式平焊  PN16压力等级、螺栓螺母、密封件,冷凝水,,,,0 316,,,,,,,,,,,,,,,,,,,,,,,,,,,,,,,
FS3264A,密封水流量计,仪表,,,,,DK250/RRL/M40/K1 DN15PN40 316L材质 量程0～80L/h,2,,,,,,,,否,,在用,附：321用户法兰 板式平焊  PN16压力等级、螺栓螺母、密封件,冷凝水,,,,0 316,,,,,,,,,,,,,,,,,,,,,,,,,,,,,,,
FS3264B,密封水流量计,仪表,,,,,DK250/RRL/M40/K1 DN15PN40 316L材质 量程0～80L/h,2,,,,,,,,否,,在用,附：321用户法兰 板式平焊  PN16压力等级、螺栓螺母、密封件,冷凝水,,,,0 316,,,,,,,,,,,,,,,,,,,,,,,,,,,,,,,
FS3238,密封水流量计,仪表,,,,,DK250/RRL/M40/K1 DN15PN40 316L材质 量程0～80L/h,1,,,,,,,,否,,在用,附：321用户法兰 板式平焊  PN16压力等级、螺栓螺母、密封件,冷凝水,,,,0 316,,,,,,,,,,,,,,,,,,,,,,,,,,,,,,,
FS3244,密封水流量计,仪表,,,,,DK250/RRL/M40/K1 DN15PN40 316L材质 量程0～80L/h,1,,,,,,,,否,,在用,附：321用户法兰 板式平焊  PN16压力等级、螺栓螺母、密封件,冷凝水,,,,0 316,,,,,,,,,,,,,,,,,,,,,,,,,,,,,,,
FS3263,密封水流量计,仪表,,,,,DK250/RRL/M40/K1 DN15PN40 316L材质 量程0～80L/h,1,,,,,,,,否,,在用,附：321用户法兰 板式平焊  PN16压力等级、螺栓螺母、密封件,冷凝水,,,,0 316,,,,,,,,,,,,,,,,,,,,,,,,,,,,,,,
FS3273,密封水流量计,仪表,,,,,DK250/RRL/M40/K1 DN15PN40 316L材质 量程0～80L/h,1,,,,,,,,否,,在用,附：321用户法兰 板式平焊  PN16压力等级、螺栓螺母、密封件,冷凝水,,,,0 316,,,,,,,,,,,,,,,,,,,,,,,,,,,,,,,
待定-0032,压力表,仪表,,,,制硝车间（强制检定安全防护）,Y-150,杭州富阳华仪仪表有限公司,,,22007169,,,,,是,,在用,强制检定；检定机构：洪雅县计量检定所,,,,,0-1Mpa,,,,,,,,,,,,,,,,,,,,,,,,,,,,,,,
待定-0033,压力表,仪表,,,,制硝车间（强制检定安全防护）,Y-150,杭州富阳华仪仪表有限公司,,,22007277,,,,,是,,在用,强制检定；检定机构：洪雅县计量检定所,,,,,0-1Mpa,,,,,,,,,,,,,,,,,,,,,,,,,,,,,,,
待定-0034,压力表,仪表,,,,制硝车间（强制检定安全防护）,Y-150,杭州富阳华仪仪表有限公司,,,22007281,,,,,是,,在用,强制检定；检定机构：洪雅县计量检定所,,,,,0-1Mpa,,,,,,,,,,,,,,,,,,,,,,,,,,,,,,,
待定-0035,压力表,仪表,,,,制硝车间（强制检定安全防护）,Y-150,杭州富阳华仪仪表有限公司,,,22007272,,,,,是,,在用,强制检定；检定机构：洪雅县计量检定所,,,,,0-1Mpa,,,,,,,,,,,,,,,,,,,,,,,,,,,,,,,
待定-0036,压力表,仪表,,,,制硝车间（强制检定安全防护）,Y-150,杭州富阳华仪仪表有限公司,,,22007397,,,,,是,,在用,强制检定；检定机构：洪雅县计量检定所,,,,,0-1Mpa,,,,,,,,,,,,,,,,,,,,,,,,,,,,,,,
待定-0037,压力表,仪表,,,,制硝车间（强制检定安全防护）,Y-150,杭州富阳华仪仪表有限公司,,,22007375,,,,,是,,在用,强制检定；检定机构：洪雅县计量检定所,,,,,0-1Mpa,,,,,,,,,,,,,,,,,,,,,,,,,,,,,,,
待定-0038,压力表,仪表,,,,制硝车间（强制检定安全防护）,Y-150,杭州富阳华仪仪表有限公司,,,22007301,,,,,是,,在用,强制检定；检定机构：洪雅县计量检定所,,,,,0-1Mpa,,,,,,,,,,,,,,,,,,,,,,,,,,,,,,,
待定-0039,压力表,仪表,,,,制硝车间（强制检定安全防护）,Y-150,杭州富阳华仪仪表有限公司,,,22007418,,,,,是,,在用,强制检定；检定机构：洪雅县计量检定所,,,,,0-1Mpa,,,,,,,,,,,,,,,,,,,,,,,,,,,,,,,
待定-0040,压力表,仪表,,,,制硝车间（强制检定安全防护）,Y-150,杭州富阳华仪仪表有限公司,,,23003641,,,,,是,,在用,强制检定；检定机构：洪雅县计量检定所,,,,,0-0.6Mpa,,,,,,,,,,,,,,,,,,,,,,,,,,,,,,,
待定-0041,压力表,仪表,,,,制硝车间（强制检定安全防护）,Y-150,杭州富阳华科仪表有限公司,,,12013638,,,,,是,,在用,强制检定；检定机构：洪雅县计量检定所,,,,,0-0.6Mpa,,,,,,,,,,,,,,,,,,,,,,,,,,,,,,,
待定-0042,压力表,仪表,,,,制硝车间（强制检定安全防护）,YN-150B,安徽瑞尔特仪表科技有限公司,,,240117109,,,,,是,,在用,强制检定；检定机构：洪雅县计量检定所,,,,,0-400Kpa,,,,,,,,,,,,,,,,,,,,,,,,,,,,,,,
待定-0043,压力表,仪表,,,,制硝车间（强制检定安全防护）,YN-150B,安徽瑞尔特仪表科技有限公司,,,240117108,,,,,是,,在用,强制检定；检定机构：洪雅县计量检定所,,,,,0-400Kpa,,,,,,,,,,,,,,,,,,,,,,,,,,,,,,,
待定-0044,压力表,仪表,,,,制硝车间（强制检定安全防护）,YN-100,重庆布莱迪仪器仪表有限公司,,,940815,,,,,是,,在用,强制检定；检定机构：洪雅县计量检定所,,,,,0-1.6Mpa,,,,,,,,,,,,,,,,,,,,,,,,,,,,,,,
待定-0045,压力表,仪表,,,,制硝车间（强制检定安全防护）,YN-100,杭州富阳华仪仪表有限公司,,,2327964,,,,,是,,在用,强制检定；检定机构：洪雅县计量检定所,,,,,0-1.6Mpa,,,,,,,,,,,,,,,,,,,,,,,,,,,,,,,
待定-0046,压力表,仪表,,,,制硝车间（强制检定安全防护）,YN-100,杭州富阳华仪仪表有限公司,,,2326493,,,,,是,,在用,强制检定；检定机构：洪雅县计量检定所,,,,,0-1.6Mpa,,,,,,,,,,,,,,,,,,,,,,,,,,,,,,,
待定-0047,压力表,仪表,,,,制硝车间（强制检定安全防护）,YN-100,杭州富阳华仪仪表有限公司,,,2326480,,,,,是,,在用,强制检定；检定机构：洪雅县计量检定所,,,,,0-1.6Mpa,,,,,,,,,,,,,,,,,,,,,,,,,,,,,,,
